areaCode,areaName,areaType,date,newCasesByPublishDate
E08000023,South Tyneside,utla,2023-02-23,101
E08000023,South Tyneside,utla,2023-02-22,0
E08000023,South Tyneside,utla,2023-02-21,0
E08000023,South Tyneside,utla,2023-02-20,0
E08000023,South Tyneside,utla,2023-02-19,0
E08000023,South Tyneside,utla,2023-02-18,0
E08000023,South Tyneside,utla,2023-02-17,0
E08000023,South Tyneside,utla,2023-02-16,62
E08000023,South Tyneside,utla,2023-02-15,0
E08000023,South Tyneside,utla,2023-02-14,0
E08000023,South Tyneside,utla,2023-02-13,0
E08000023,South Tyneside,utla,2023-02-12,0
E08000023,South Tyneside,utla,2023-02-11,0
E08000023,South Tyneside,utla,2023-02-10,0
E08000023,South Tyneside,utla,2023-02-09,69
E08000023,South Tyneside,utla,2023-02-08,0
E08000023,South Tyneside,utla,2023-02-07,0
E08000023,South Tyneside,utla,2023-02-06,0
E08000023,South Tyneside,utla,2023-02-05,0
E08000023,South Tyneside,utla,2023-02-04,0
E08000023,South Tyneside,utla,2023-02-03,0
E08000023,South Tyneside,utla,2023-02-02,40
E08000023,South Tyneside,utla,2023-02-01,0
E08000023,South Tyneside,utla,2023-01-31,0
E08000023,South Tyneside,utla,2023-01-30,0
E08000023,South Tyneside,utla,2023-01-29,0
E08000023,South Tyneside,utla,2023-01-28,0
E08000023,South Tyneside,utla,2023-01-27,0
E08000023,South Tyneside,utla,2023-01-26,39
E08000023,South Tyneside,utla,2023-01-25,0
E08000023,South Tyneside,utla,2023-01-24,0
E08000023,South Tyneside,utla,2023-01-23,0
E08000023,South Tyneside,utla,2023-01-22,0
E08000023,South Tyneside,utla,2023-01-21,0
E08000023,South Tyneside,utla,2023-01-20,0
E08000023,South Tyneside,utla,2023-01-19,49
E08000023,South Tyneside,utla,2023-01-18,0
E08000023,South Tyneside,utla,2023-01-17,0
E08000023,South Tyneside,utla,2023-01-16,0
E08000023,South Tyneside,utla,2023-01-15,0
E08000023,South Tyneside,utla,2023-01-14,0
E08000023,South Tyneside,utla,2023-01-13,0
E08000023,South Tyneside,utla,2023-01-12,101
E08000023,South Tyneside,utla,2023-01-11,0
E08000023,South Tyneside,utla,2023-01-10,0
E08000023,South Tyneside,utla,2023-01-09,0
E08000023,South Tyneside,utla,2023-01-08,0
E08000023,South Tyneside,utla,2023-01-07,0
E08000023,South Tyneside,utla,2023-01-06,0
E08000023,South Tyneside,utla,2023-01-05,123
E08000023,South Tyneside,utla,2023-01-04,0
E08000023,South Tyneside,utla,2023-01-03,0
E08000023,South Tyneside,utla,2023-01-02,0
E08000023,South Tyneside,utla,2023-01-01,0
E08000023,South Tyneside,utla,2022-12-31,0
E08000023,South Tyneside,utla,2022-12-30,0
E08000023,South Tyneside,utla,2022-12-29,99
E08000023,South Tyneside,utla,2022-12-28,0
E08000023,South Tyneside,utla,2022-12-27,0
E08000023,South Tyneside,utla,2022-12-26,0
E08000023,South Tyneside,utla,2022-12-25,0
E08000023,South Tyneside,utla,2022-12-24,0
E08000023,South Tyneside,utla,2022-12-23,0
E08000023,South Tyneside,utla,2022-12-22,71
E08000023,South Tyneside,utla,2022-12-21,0
E08000023,South Tyneside,utla,2022-12-20,0
E08000023,South Tyneside,utla,2022-12-19,0
E08000023,South Tyneside,utla,2022-12-18,0
E08000023,South Tyneside,utla,2022-12-17,0
E08000023,South Tyneside,utla,2022-12-16,0
E08000023,South Tyneside,utla,2022-12-15,62
E08000023,South Tyneside,utla,2022-12-14,0
E08000023,South Tyneside,utla,2022-12-13,0
E08000023,South Tyneside,utla,2022-12-12,0
E08000023,South Tyneside,utla,2022-12-11,0
E08000023,South Tyneside,utla,2022-12-10,0
E08000023,South Tyneside,utla,2022-12-09,0
E08000023,South Tyneside,utla,2022-12-08,93
E08000023,South Tyneside,utla,2022-12-07,0
E08000023,South Tyneside,utla,2022-12-06,0
E08000023,South Tyneside,utla,2022-12-05,0
E08000023,South Tyneside,utla,2022-12-04,0
E08000023,South Tyneside,utla,2022-12-03,0
E08000023,South Tyneside,utla,2022-12-02,0
E08000023,South Tyneside,utla,2022-12-01,66
E08000023,South Tyneside,utla,2022-11-30,0
E08000023,South Tyneside,utla,2022-11-29,0
E08000023,South Tyneside,utla,2022-11-28,0
E08000023,South Tyneside,utla,2022-11-27,0
E08000023,South Tyneside,utla,2022-11-26,0
E08000023,South Tyneside,utla,2022-11-25,0
E08000023,South Tyneside,utla,2022-11-24,37
E08000023,South Tyneside,utla,2022-11-23,0
E08000023,South Tyneside,utla,2022-11-22,0
E08000023,South Tyneside,utla,2022-11-21,0
E08000023,South Tyneside,utla,2022-11-20,0
E08000023,South Tyneside,utla,2022-11-19,0
E08000023,South Tyneside,utla,2022-11-18,0
E08000023,South Tyneside,utla,2022-11-17,56
E08000023,South Tyneside,utla,2022-11-16,0
E08000023,South Tyneside,utla,2022-11-15,0
E08000023,South Tyneside,utla,2022-11-14,0
E08000023,South Tyneside,utla,2022-11-13,0
E08000023,South Tyneside,utla,2022-11-12,0
E08000023,South Tyneside,utla,2022-11-11,0
E08000023,South Tyneside,utla,2022-11-10,47
E08000023,South Tyneside,utla,2022-11-09,0
E08000023,South Tyneside,utla,2022-11-08,0
E08000023,South Tyneside,utla,2022-11-07,0
E08000023,South Tyneside,utla,2022-11-06,0
E08000023,South Tyneside,utla,2022-11-05,0
E08000023,South Tyneside,utla,2022-11-04,0
E08000023,South Tyneside,utla,2022-11-03,57
E08000023,South Tyneside,utla,2022-11-02,0
E08000023,South Tyneside,utla,2022-11-01,0
E08000023,South Tyneside,utla,2022-10-31,0
E08000023,South Tyneside,utla,2022-10-30,0
E08000023,South Tyneside,utla,2022-10-29,0
E08000023,South Tyneside,utla,2022-10-28,0
E08000023,South Tyneside,utla,2022-10-27,104
E08000023,South Tyneside,utla,2022-10-26,0
E08000023,South Tyneside,utla,2022-10-25,0
E08000023,South Tyneside,utla,2022-10-24,0
E08000023,South Tyneside,utla,2022-10-23,0
E08000023,South Tyneside,utla,2022-10-22,0
E08000023,South Tyneside,utla,2022-10-21,0
E08000023,South Tyneside,utla,2022-10-20,126
E08000023,South Tyneside,utla,2022-10-19,0
E08000023,South Tyneside,utla,2022-10-18,0
E08000023,South Tyneside,utla,2022-10-17,0
E08000023,South Tyneside,utla,2022-10-16,0
E08000023,South Tyneside,utla,2022-10-15,0
E08000023,South Tyneside,utla,2022-10-14,0
E08000023,South Tyneside,utla,2022-10-13,161
E08000023,South Tyneside,utla,2022-10-12,0
E08000023,South Tyneside,utla,2022-10-11,0
E08000023,South Tyneside,utla,2022-10-10,0
E08000023,South Tyneside,utla,2022-10-09,0
E08000023,South Tyneside,utla,2022-10-08,0
E08000023,South Tyneside,utla,2022-10-07,0
E08000023,South Tyneside,utla,2022-10-06,178
E08000023,South Tyneside,utla,2022-10-05,0
E08000023,South Tyneside,utla,2022-10-04,0
E08000023,South Tyneside,utla,2022-10-03,0
E08000023,South Tyneside,utla,2022-10-02,0
E08000023,South Tyneside,utla,2022-10-01,0
E08000023,South Tyneside,utla,2022-09-30,0
E08000023,South Tyneside,utla,2022-09-29,132
E08000023,South Tyneside,utla,2022-09-28,0
E08000023,South Tyneside,utla,2022-09-27,0
E08000023,South Tyneside,utla,2022-09-26,0
E08000023,South Tyneside,utla,2022-09-25,0
E08000023,South Tyneside,utla,2022-09-24,0
E08000023,South Tyneside,utla,2022-09-23,0
E08000023,South Tyneside,utla,2022-09-22,94
E08000023,South Tyneside,utla,2022-09-21,0
E08000023,South Tyneside,utla,2022-09-20,0
E08000023,South Tyneside,utla,2022-09-19,0
E08000023,South Tyneside,utla,2022-09-18,0
E08000023,South Tyneside,utla,2022-09-17,0
E08000023,South Tyneside,utla,2022-09-16,0
E08000023,South Tyneside,utla,2022-09-15,80
E08000023,South Tyneside,utla,2022-09-14,0
E08000023,South Tyneside,utla,2022-09-13,0
E08000023,South Tyneside,utla,2022-09-12,0
E08000023,South Tyneside,utla,2022-09-11,0
E08000023,South Tyneside,utla,2022-09-10,0
E08000023,South Tyneside,utla,2022-09-09,0
E08000023,South Tyneside,utla,2022-09-08,53
E08000023,South Tyneside,utla,2022-09-07,0
E08000023,South Tyneside,utla,2022-09-06,0
E08000023,South Tyneside,utla,2022-09-05,0
E08000023,South Tyneside,utla,2022-09-04,0
E08000023,South Tyneside,utla,2022-09-03,0
E08000023,South Tyneside,utla,2022-09-02,0
E08000023,South Tyneside,utla,2022-09-01,0
E08000023,South Tyneside,utla,2022-08-31,57
E08000023,South Tyneside,utla,2022-08-30,0
E08000023,South Tyneside,utla,2022-08-29,0
E08000023,South Tyneside,utla,2022-08-28,0
E08000023,South Tyneside,utla,2022-08-27,0
E08000023,South Tyneside,utla,2022-08-26,0
E08000023,South Tyneside,utla,2022-08-25,0
E08000023,South Tyneside,utla,2022-08-24,69
E08000023,South Tyneside,utla,2022-08-23,0
E08000023,South Tyneside,utla,2022-08-22,0
E08000023,South Tyneside,utla,2022-08-21,0
E08000023,South Tyneside,utla,2022-08-20,0
E08000023,South Tyneside,utla,2022-08-19,0
E08000023,South Tyneside,utla,2022-08-18,0
E08000023,South Tyneside,utla,2022-08-17,85
E08000023,South Tyneside,utla,2022-08-16,0
E08000023,South Tyneside,utla,2022-08-15,0
E08000023,South Tyneside,utla,2022-08-14,0
E08000023,South Tyneside,utla,2022-08-13,0
E08000023,South Tyneside,utla,2022-08-12,0
E08000023,South Tyneside,utla,2022-08-11,0
E08000023,South Tyneside,utla,2022-08-10,87
E08000023,South Tyneside,utla,2022-08-09,0
E08000023,South Tyneside,utla,2022-08-08,0
E08000023,South Tyneside,utla,2022-08-07,0
E08000023,South Tyneside,utla,2022-08-06,0
E08000023,South Tyneside,utla,2022-08-05,0
E08000023,South Tyneside,utla,2022-08-04,0
E08000023,South Tyneside,utla,2022-08-03,156
E08000023,South Tyneside,utla,2022-08-02,0
E08000023,South Tyneside,utla,2022-08-01,0
E08000023,South Tyneside,utla,2022-07-31,0
E08000023,South Tyneside,utla,2022-07-30,0
E08000023,South Tyneside,utla,2022-07-29,0
E08000023,South Tyneside,utla,2022-07-28,0
E08000023,South Tyneside,utla,2022-07-27,177
E08000023,South Tyneside,utla,2022-07-26,0
E08000023,South Tyneside,utla,2022-07-25,0
E08000023,South Tyneside,utla,2022-07-24,0
E08000023,South Tyneside,utla,2022-07-23,0
E08000023,South Tyneside,utla,2022-07-22,0
E08000023,South Tyneside,utla,2022-07-21,0
E08000023,South Tyneside,utla,2022-07-20,282
E08000023,South Tyneside,utla,2022-07-19,0
E08000023,South Tyneside,utla,2022-07-18,0
E08000023,South Tyneside,utla,2022-07-17,0
E08000023,South Tyneside,utla,2022-07-16,0
E08000023,South Tyneside,utla,2022-07-15,0
E08000023,South Tyneside,utla,2022-07-14,0
E08000023,South Tyneside,utla,2022-07-13,314
E08000023,South Tyneside,utla,2022-07-12,0
E08000023,South Tyneside,utla,2022-07-11,0
E08000023,South Tyneside,utla,2022-07-10,0
E08000023,South Tyneside,utla,2022-07-09,0
E08000023,South Tyneside,utla,2022-07-08,0
E08000023,South Tyneside,utla,2022-07-07,0
E08000023,South Tyneside,utla,2022-07-06,239
E08000023,South Tyneside,utla,2022-07-05,0
E08000023,South Tyneside,utla,2022-07-04,0
E08000023,South Tyneside,utla,2022-07-03,0
E08000023,South Tyneside,utla,2022-07-02,0
E08000023,South Tyneside,utla,2022-07-01,37
E08000023,South Tyneside,utla,2022-06-30,42
E08000023,South Tyneside,utla,2022-06-29,43
E08000023,South Tyneside,utla,2022-06-28,36
E08000023,South Tyneside,utla,2022-06-27,117
E08000023,South Tyneside,utla,2022-06-26,0
E08000023,South Tyneside,utla,2022-06-25,0
E08000023,South Tyneside,utla,2022-06-24,31
E08000023,South Tyneside,utla,2022-06-23,36
E08000023,South Tyneside,utla,2022-06-22,41
E08000023,South Tyneside,utla,2022-06-21,33
E08000023,South Tyneside,utla,2022-06-20,98
E08000023,South Tyneside,utla,2022-06-19,0
E08000023,South Tyneside,utla,2022-06-18,0
E08000023,South Tyneside,utla,2022-06-17,29
E08000023,South Tyneside,utla,2022-06-16,32
E08000023,South Tyneside,utla,2022-06-15,36
E08000023,South Tyneside,utla,2022-06-14,27
E08000023,South Tyneside,utla,2022-06-13,79
E08000023,South Tyneside,utla,2022-06-12,0
E08000023,South Tyneside,utla,2022-06-11,0
E08000023,South Tyneside,utla,2022-06-10,40
E08000023,South Tyneside,utla,2022-06-09,23
E08000023,South Tyneside,utla,2022-06-08,21
E08000023,South Tyneside,utla,2022-06-07,30
E08000023,South Tyneside,utla,2022-06-06,75
E08000023,South Tyneside,utla,2022-06-05,0
E08000023,South Tyneside,utla,2022-06-04,0
E08000023,South Tyneside,utla,2022-06-03,0
E08000023,South Tyneside,utla,2022-06-02,0
E08000023,South Tyneside,utla,2022-06-01,7
E08000023,South Tyneside,utla,2022-05-31,12
E08000023,South Tyneside,utla,2022-05-30,26
E08000023,South Tyneside,utla,2022-05-29,0
E08000023,South Tyneside,utla,2022-05-28,0
E08000023,South Tyneside,utla,2022-05-27,15
E08000023,South Tyneside,utla,2022-05-26,19
E08000023,South Tyneside,utla,2022-05-25,16
E08000023,South Tyneside,utla,2022-05-24,25
E08000023,South Tyneside,utla,2022-05-23,34
E08000023,South Tyneside,utla,2022-05-22,0
E08000023,South Tyneside,utla,2022-05-21,0
E08000023,South Tyneside,utla,2022-05-20,22
E08000023,South Tyneside,utla,2022-05-19,19
E08000023,South Tyneside,utla,2022-05-18,18
E08000023,South Tyneside,utla,2022-05-17,26
E08000023,South Tyneside,utla,2022-05-16,62
E08000023,South Tyneside,utla,2022-05-15,0
E08000023,South Tyneside,utla,2022-05-14,0
E08000023,South Tyneside,utla,2022-05-13,20
E08000023,South Tyneside,utla,2022-05-12,26
E08000023,South Tyneside,utla,2022-05-11,16
E08000023,South Tyneside,utla,2022-05-10,24
E08000023,South Tyneside,utla,2022-05-09,71
E08000023,South Tyneside,utla,2022-05-08,0
E08000023,South Tyneside,utla,2022-05-07,0
E08000023,South Tyneside,utla,2022-05-06,28
E08000023,South Tyneside,utla,2022-05-05,39
E08000023,South Tyneside,utla,2022-05-04,55
E08000023,South Tyneside,utla,2022-05-03,112
E08000023,South Tyneside,utla,2022-05-02,0
E08000023,South Tyneside,utla,2022-05-01,0
E08000023,South Tyneside,utla,2022-04-30,0
E08000023,South Tyneside,utla,2022-04-29,53
E08000023,South Tyneside,utla,2022-04-28,37
E08000023,South Tyneside,utla,2022-04-27,104
E08000023,South Tyneside,utla,2022-04-26,0
E08000023,South Tyneside,utla,2022-04-25,132
E08000023,South Tyneside,utla,2022-04-24,0
E08000023,South Tyneside,utla,2022-04-23,0
E08000023,South Tyneside,utla,2022-04-22,56
E08000023,South Tyneside,utla,2022-04-21,62
E08000023,South Tyneside,utla,2022-04-20,47
E08000023,South Tyneside,utla,2022-04-19,282
E08000023,South Tyneside,utla,2022-04-18,0
E08000023,South Tyneside,utla,2022-04-17,0
E08000023,South Tyneside,utla,2022-04-16,0
E08000023,South Tyneside,utla,2022-04-15,0
E08000023,South Tyneside,utla,2022-04-14,67
E08000023,South Tyneside,utla,2022-04-13,80
E08000023,South Tyneside,utla,2022-04-12,105
E08000023,South Tyneside,utla,2022-04-11,172
E08000023,South Tyneside,utla,2022-04-10,0
E08000023,South Tyneside,utla,2022-04-09,0
E08000023,South Tyneside,utla,2022-04-08,95
E08000023,South Tyneside,utla,2022-04-07,90
E08000023,South Tyneside,utla,2022-04-06,97
E08000023,South Tyneside,utla,2022-04-05,92
E08000023,South Tyneside,utla,2022-04-04,274
E08000023,South Tyneside,utla,2022-04-03,0
E08000023,South Tyneside,utla,2022-04-02,0
E08000023,South Tyneside,utla,2022-04-01,172
E08000023,South Tyneside,utla,2022-03-31,110
E08000023,South Tyneside,utla,2022-03-30,227
E08000023,South Tyneside,utla,2022-03-29,166
E08000023,South Tyneside,utla,2022-03-28,428
E08000023,South Tyneside,utla,2022-03-27,0
E08000023,South Tyneside,utla,2022-03-26,0
E08000023,South Tyneside,utla,2022-03-25,147
E08000023,South Tyneside,utla,2022-03-24,198
E08000023,South Tyneside,utla,2022-03-23,193
E08000023,South Tyneside,utla,2022-03-22,159
E08000023,South Tyneside,utla,2022-03-21,336
E08000023,South Tyneside,utla,2022-03-20,0
E08000023,South Tyneside,utla,2022-03-19,0
E08000023,South Tyneside,utla,2022-03-18,117
E08000023,South Tyneside,utla,2022-03-17,125
E08000023,South Tyneside,utla,2022-03-16,120
E08000023,South Tyneside,utla,2022-03-15,97
E08000023,South Tyneside,utla,2022-03-14,196
E08000023,South Tyneside,utla,2022-03-13,0
E08000023,South Tyneside,utla,2022-03-12,0
E08000023,South Tyneside,utla,2022-03-11,53
E08000023,South Tyneside,utla,2022-03-10,83
E08000023,South Tyneside,utla,2022-03-09,74
E08000023,South Tyneside,utla,2022-03-08,65
E08000023,South Tyneside,utla,2022-03-07,134
E08000023,South Tyneside,utla,2022-03-06,0
E08000023,South Tyneside,utla,2022-03-05,0
E08000023,South Tyneside,utla,2022-03-04,53
E08000023,South Tyneside,utla,2022-03-03,52
E08000023,South Tyneside,utla,2022-03-02,76
E08000023,South Tyneside,utla,2022-03-01,44
E08000023,South Tyneside,utla,2022-02-28,105
E08000023,South Tyneside,utla,2022-02-27,0
E08000023,South Tyneside,utla,2022-02-26,0
E08000023,South Tyneside,utla,2022-02-25,33
E08000023,South Tyneside,utla,2022-02-24,60
E08000023,South Tyneside,utla,2022-02-23,42
E08000023,South Tyneside,utla,2022-02-22,58
E08000023,South Tyneside,utla,2022-02-21,43
E08000023,South Tyneside,utla,2022-02-20,52
E08000023,South Tyneside,utla,2022-02-19,52
E08000023,South Tyneside,utla,2022-02-18,85
E08000023,South Tyneside,utla,2022-02-17,86
E08000023,South Tyneside,utla,2022-02-16,77
E08000023,South Tyneside,utla,2022-02-15,80
E08000023,South Tyneside,utla,2022-02-14,86
E08000023,South Tyneside,utla,2022-02-13,66
E08000023,South Tyneside,utla,2022-02-12,84
E08000023,South Tyneside,utla,2022-02-11,79
E08000023,South Tyneside,utla,2022-02-10,140
E08000023,South Tyneside,utla,2022-02-09,128
E08000023,South Tyneside,utla,2022-02-08,120
E08000023,South Tyneside,utla,2022-02-07,114
E08000023,South Tyneside,utla,2022-02-06,89
E08000023,South Tyneside,utla,2022-02-05,147
E08000023,South Tyneside,utla,2022-02-04,146
E08000023,South Tyneside,utla,2022-02-03,186
E08000023,South Tyneside,utla,2022-02-02,158
E08000023,South Tyneside,utla,2022-02-01,273
E08000023,South Tyneside,utla,2022-01-31,2904
E08000023,South Tyneside,utla,2022-01-30,116
E08000023,South Tyneside,utla,2022-01-29,172
E08000023,South Tyneside,utla,2022-01-28,233
E08000023,South Tyneside,utla,2022-01-27,216
E08000023,South Tyneside,utla,2022-01-26,239
E08000023,South Tyneside,utla,2022-01-25,262
E08000023,South Tyneside,utla,2022-01-24,184
E08000023,South Tyneside,utla,2022-01-23,190
E08000023,South Tyneside,utla,2022-01-22,215
E08000023,South Tyneside,utla,2022-01-21,274
E08000023,South Tyneside,utla,2022-01-20,337
E08000023,South Tyneside,utla,2022-01-19,334
E08000023,South Tyneside,utla,2022-01-18,391
E08000023,South Tyneside,utla,2022-01-17,292
E08000023,South Tyneside,utla,2022-01-16,277
E08000023,South Tyneside,utla,2022-01-15,310
E08000023,South Tyneside,utla,2022-01-14,329
E08000023,South Tyneside,utla,2022-01-13,477
E08000023,South Tyneside,utla,2022-01-12,679
E08000023,South Tyneside,utla,2022-01-11,429
E08000023,South Tyneside,utla,2022-01-10,518
E08000023,South Tyneside,utla,2022-01-09,514
E08000023,South Tyneside,utla,2022-01-08,441
E08000023,South Tyneside,utla,2022-01-07,792
E08000023,South Tyneside,utla,2022-01-06,546
E08000023,South Tyneside,utla,2022-01-05,561
E08000023,South Tyneside,utla,2022-01-04,666
E08000023,South Tyneside,utla,2022-01-03,341
E08000023,South Tyneside,utla,2022-01-02,429
E08000023,South Tyneside,utla,2022-01-01,593
E08000023,South Tyneside,utla,2021-12-31,406
E08000023,South Tyneside,utla,2021-12-30,335
E08000023,South Tyneside,utla,2021-12-29,289
E08000023,South Tyneside,utla,2021-12-28,245
E08000023,South Tyneside,utla,2021-12-27,180
E08000023,South Tyneside,utla,2021-12-26,209
E08000023,South Tyneside,utla,2021-12-25,223
E08000023,South Tyneside,utla,2021-12-24,198
E08000023,South Tyneside,utla,2021-12-23,165
E08000023,South Tyneside,utla,2021-12-22,116
E08000023,South Tyneside,utla,2021-12-21,138
E08000023,South Tyneside,utla,2021-12-20,72
E08000023,South Tyneside,utla,2021-12-19,76
E08000023,South Tyneside,utla,2021-12-18,83
E08000023,South Tyneside,utla,2021-12-17,140
E08000023,South Tyneside,utla,2021-12-16,67
E08000023,South Tyneside,utla,2021-12-15,93
E08000023,South Tyneside,utla,2021-12-14,79
E08000023,South Tyneside,utla,2021-12-13,57
E08000023,South Tyneside,utla,2021-12-12,80
E08000023,South Tyneside,utla,2021-12-11,93
E08000023,South Tyneside,utla,2021-12-10,115
E08000023,South Tyneside,utla,2021-12-09,67
E08000023,South Tyneside,utla,2021-12-08,47
E08000023,South Tyneside,utla,2021-12-07,68
E08000023,South Tyneside,utla,2021-12-06,31
E08000023,South Tyneside,utla,2021-12-05,61
E08000023,South Tyneside,utla,2021-12-04,61
E08000023,South Tyneside,utla,2021-12-03,64
E08000023,South Tyneside,utla,2021-12-02,44
E08000023,South Tyneside,utla,2021-12-01,79
E08000023,South Tyneside,utla,2021-11-30,81
E08000023,South Tyneside,utla,2021-11-29,52
E08000023,South Tyneside,utla,2021-11-28,68
E08000023,South Tyneside,utla,2021-11-27,63
E08000023,South Tyneside,utla,2021-11-26,61
E08000023,South Tyneside,utla,2021-11-25,53
E08000023,South Tyneside,utla,2021-11-24,70
E08000023,South Tyneside,utla,2021-11-23,93
E08000023,South Tyneside,utla,2021-11-22,73
E08000023,South Tyneside,utla,2021-11-21,42
E08000023,South Tyneside,utla,2021-11-20,43
E08000023,South Tyneside,utla,2021-11-19,99
E08000023,South Tyneside,utla,2021-11-18,73
E08000023,South Tyneside,utla,2021-11-17,69
E08000023,South Tyneside,utla,2021-11-16,45
E08000023,South Tyneside,utla,2021-11-15,78
E08000023,South Tyneside,utla,2021-11-14,98
E08000023,South Tyneside,utla,2021-11-13,72
E08000023,South Tyneside,utla,2021-11-12,76
E08000023,South Tyneside,utla,2021-11-11,93
E08000023,South Tyneside,utla,2021-11-10,98
E08000023,South Tyneside,utla,2021-11-09,76
E08000023,South Tyneside,utla,2021-11-08,55
E08000023,South Tyneside,utla,2021-11-07,78
E08000023,South Tyneside,utla,2021-11-06,90
E08000023,South Tyneside,utla,2021-11-05,127
E08000023,South Tyneside,utla,2021-11-04,101
E08000023,South Tyneside,utla,2021-11-03,66
E08000023,South Tyneside,utla,2021-11-02,127
E08000023,South Tyneside,utla,2021-11-01,136
E08000023,South Tyneside,utla,2021-10-31,76
E08000023,South Tyneside,utla,2021-10-30,103
E08000023,South Tyneside,utla,2021-10-29,114
E08000023,South Tyneside,utla,2021-10-28,112
E08000023,South Tyneside,utla,2021-10-27,129
E08000023,South Tyneside,utla,2021-10-26,95
E08000023,South Tyneside,utla,2021-10-25,74
E08000023,South Tyneside,utla,2021-10-24,88
E08000023,South Tyneside,utla,2021-10-23,107
E08000023,South Tyneside,utla,2021-10-22,101
E08000023,South Tyneside,utla,2021-10-21,109
E08000023,South Tyneside,utla,2021-10-20,99
E08000023,South Tyneside,utla,2021-10-19,94
E08000023,South Tyneside,utla,2021-10-18,91
E08000023,South Tyneside,utla,2021-10-17,70
E08000023,South Tyneside,utla,2021-10-16,80
E08000023,South Tyneside,utla,2021-10-15,76
E08000023,South Tyneside,utla,2021-10-14,101
E08000023,South Tyneside,utla,2021-10-13,64
E08000023,South Tyneside,utla,2021-10-12,92
E08000023,South Tyneside,utla,2021-10-11,60
E08000023,South Tyneside,utla,2021-10-10,63
E08000023,South Tyneside,utla,2021-10-09,64
E08000023,South Tyneside,utla,2021-10-08,85
E08000023,South Tyneside,utla,2021-10-07,85
E08000023,South Tyneside,utla,2021-10-06,92
E08000023,South Tyneside,utla,2021-10-05,76
E08000023,South Tyneside,utla,2021-10-04,81
E08000023,South Tyneside,utla,2021-10-03,55
E08000023,South Tyneside,utla,2021-10-02,62
E08000023,South Tyneside,utla,2021-10-01,65
E08000023,South Tyneside,utla,2021-09-30,58
E08000023,South Tyneside,utla,2021-09-29,59
E08000023,South Tyneside,utla,2021-09-28,99
E08000023,South Tyneside,utla,2021-09-27,65
E08000023,South Tyneside,utla,2021-09-26,63
E08000023,South Tyneside,utla,2021-09-25,43
E08000023,South Tyneside,utla,2021-09-24,54
E08000023,South Tyneside,utla,2021-09-23,65
E08000023,South Tyneside,utla,2021-09-22,77
E08000023,South Tyneside,utla,2021-09-21,55
E08000023,South Tyneside,utla,2021-09-20,51
E08000023,South Tyneside,utla,2021-09-19,47
E08000023,South Tyneside,utla,2021-09-18,67
E08000023,South Tyneside,utla,2021-09-17,76
E08000023,South Tyneside,utla,2021-09-16,63
E08000023,South Tyneside,utla,2021-09-15,76
E08000023,South Tyneside,utla,2021-09-14,61
E08000023,South Tyneside,utla,2021-09-13,65
E08000023,South Tyneside,utla,2021-09-12,66
E08000023,South Tyneside,utla,2021-09-11,88
E08000023,South Tyneside,utla,2021-09-10,125
E08000023,South Tyneside,utla,2021-09-09,96
E08000023,South Tyneside,utla,2021-09-08,97
E08000023,South Tyneside,utla,2021-09-07,106
E08000023,South Tyneside,utla,2021-09-06,99
E08000023,South Tyneside,utla,2021-09-05,71
E08000023,South Tyneside,utla,2021-09-04,109
E08000023,South Tyneside,utla,2021-09-03,83
E08000023,South Tyneside,utla,2021-09-02,130
E08000023,South Tyneside,utla,2021-09-01,75
E08000023,South Tyneside,utla,2021-08-31,58
E08000023,South Tyneside,utla,2021-08-30,64
E08000023,South Tyneside,utla,2021-08-29,60
E08000023,South Tyneside,utla,2021-08-28,102
E08000023,South Tyneside,utla,2021-08-27,74
E08000023,South Tyneside,utla,2021-08-26,95
E08000023,South Tyneside,utla,2021-08-25,78
E08000023,South Tyneside,utla,2021-08-24,64
E08000023,South Tyneside,utla,2021-08-23,81
E08000023,South Tyneside,utla,2021-08-22,71
E08000023,South Tyneside,utla,2021-08-21,65
E08000023,South Tyneside,utla,2021-08-20,84
E08000023,South Tyneside,utla,2021-08-19,61
E08000023,South Tyneside,utla,2021-08-18,67
E08000023,South Tyneside,utla,2021-08-17,68
E08000023,South Tyneside,utla,2021-08-16,57
E08000023,South Tyneside,utla,2021-08-15,55
E08000023,South Tyneside,utla,2021-08-14,74
E08000023,South Tyneside,utla,2021-08-13,69
E08000023,South Tyneside,utla,2021-08-12,61
E08000023,South Tyneside,utla,2021-08-11,56
E08000023,South Tyneside,utla,2021-08-10,41
E08000023,South Tyneside,utla,2021-08-09,34
E08000023,South Tyneside,utla,2021-08-08,42
E08000023,South Tyneside,utla,2021-08-07,78
E08000023,South Tyneside,utla,2021-08-06,64
E08000023,South Tyneside,utla,2021-08-05,50
E08000023,South Tyneside,utla,2021-08-04,74
E08000023,South Tyneside,utla,2021-08-03,49
E08000023,South Tyneside,utla,2021-08-02,62
E08000023,South Tyneside,utla,2021-08-01,60
E08000023,South Tyneside,utla,2021-07-31,96
E08000023,South Tyneside,utla,2021-07-30,70
E08000023,South Tyneside,utla,2021-07-29,86
E08000023,South Tyneside,utla,2021-07-28,84
E08000023,South Tyneside,utla,2021-07-27,71
E08000023,South Tyneside,utla,2021-07-26,113
E08000023,South Tyneside,utla,2021-07-25,91
E08000023,South Tyneside,utla,2021-07-24,116
E08000023,South Tyneside,utla,2021-07-23,141
E08000023,South Tyneside,utla,2021-07-22,160
E08000023,South Tyneside,utla,2021-07-21,136
E08000023,South Tyneside,utla,2021-07-20,216
E08000023,South Tyneside,utla,2021-07-19,211
E08000023,South Tyneside,utla,2021-07-18,237
E08000023,South Tyneside,utla,2021-07-17,268
E08000023,South Tyneside,utla,2021-07-16,262
E08000023,South Tyneside,utla,2021-07-15,270
E08000023,South Tyneside,utla,2021-07-14,226
E08000023,South Tyneside,utla,2021-07-13,294
E08000023,South Tyneside,utla,2021-07-12,213
E08000023,South Tyneside,utla,2021-07-11,328
E08000023,South Tyneside,utla,2021-07-10,261
E08000023,South Tyneside,utla,2021-07-09,307
E08000023,South Tyneside,utla,2021-07-08,345
E08000023,South Tyneside,utla,2021-07-07,324
E08000023,South Tyneside,utla,2021-07-06,264
E08000023,South Tyneside,utla,2021-07-05,254
E08000023,South Tyneside,utla,2021-07-04,215
E08000023,South Tyneside,utla,2021-07-03,220
E08000023,South Tyneside,utla,2021-07-02,146
E08000023,South Tyneside,utla,2021-07-01,224
E08000023,South Tyneside,utla,2021-06-30,170
E08000023,South Tyneside,utla,2021-06-29,78
E08000023,South Tyneside,utla,2021-06-28,136
E08000023,South Tyneside,utla,2021-06-27,88
E08000023,South Tyneside,utla,2021-06-26,94
E08000023,South Tyneside,utla,2021-06-25,68
E08000023,South Tyneside,utla,2021-06-24,61
E08000023,South Tyneside,utla,2021-06-23,51
E08000023,South Tyneside,utla,2021-06-22,33
E08000023,South Tyneside,utla,2021-06-21,37
E08000023,South Tyneside,utla,2021-06-20,26
E08000023,South Tyneside,utla,2021-06-19,47
E08000023,South Tyneside,utla,2021-06-18,31
E08000023,South Tyneside,utla,2021-06-17,42
E08000023,South Tyneside,utla,2021-06-16,20
E08000023,South Tyneside,utla,2021-06-15,23
E08000023,South Tyneside,utla,2021-06-14,20
E08000023,South Tyneside,utla,2021-06-13,8
E08000023,South Tyneside,utla,2021-06-12,21
E08000023,South Tyneside,utla,2021-06-11,17
E08000023,South Tyneside,utla,2021-06-10,14
E08000023,South Tyneside,utla,2021-06-09,23
E08000023,South Tyneside,utla,2021-06-08,20
E08000023,South Tyneside,utla,2021-06-07,13
E08000023,South Tyneside,utla,2021-06-06,6
E08000023,South Tyneside,utla,2021-06-05,17
E08000023,South Tyneside,utla,2021-06-04,16
E08000023,South Tyneside,utla,2021-06-03,8
E08000023,South Tyneside,utla,2021-06-02,7
E08000023,South Tyneside,utla,2021-06-01,4
E08000023,South Tyneside,utla,2021-05-31,7
E08000023,South Tyneside,utla,2021-05-30,9
E08000023,South Tyneside,utla,2021-05-29,3
E08000023,South Tyneside,utla,2021-05-28,6
E08000023,South Tyneside,utla,2021-05-27,5
E08000023,South Tyneside,utla,2021-05-26,6
E08000023,South Tyneside,utla,2021-05-25,5
E08000023,South Tyneside,utla,2021-05-24,5
E08000023,South Tyneside,utla,2021-05-23,3
E08000023,South Tyneside,utla,2021-05-22,1
E08000023,South Tyneside,utla,2021-05-21,1
E08000023,South Tyneside,utla,2021-05-20,3
E08000023,South Tyneside,utla,2021-05-19,3
E08000023,South Tyneside,utla,2021-05-18,0
E08000023,South Tyneside,utla,2021-05-17,1
E08000023,South Tyneside,utla,2021-05-16,3
E08000023,South Tyneside,utla,2021-05-15,4
E08000023,South Tyneside,utla,2021-05-14,2
E08000023,South Tyneside,utla,2021-05-13,6
E08000023,South Tyneside,utla,2021-05-12,2
E08000023,South Tyneside,utla,2021-05-11,4
E08000023,South Tyneside,utla,2021-05-10,6
E08000023,South Tyneside,utla,2021-05-09,4
E08000023,South Tyneside,utla,2021-05-08,4
E08000023,South Tyneside,utla,2021-05-07,2
E08000023,South Tyneside,utla,2021-05-06,2
E08000023,South Tyneside,utla,2021-05-05,2
E08000023,South Tyneside,utla,2021-05-04,8
E08000023,South Tyneside,utla,2021-05-03,1
E08000023,South Tyneside,utla,2021-05-02,2
E08000023,South Tyneside,utla,2021-05-01,1
E08000023,South Tyneside,utla,2021-04-30,1
E08000023,South Tyneside,utla,2021-04-29,1
E08000023,South Tyneside,utla,2021-04-28,3
E08000023,South Tyneside,utla,2021-04-27,12
E08000023,South Tyneside,utla,2021-04-26,2
E08000023,South Tyneside,utla,2021-04-25,9
E08000023,South Tyneside,utla,2021-04-24,0
E08000023,South Tyneside,utla,2021-04-23,4
E08000023,South Tyneside,utla,2021-04-22,11
E08000023,South Tyneside,utla,2021-04-21,6
E08000023,South Tyneside,utla,2021-04-20,3
E08000023,South Tyneside,utla,2021-04-19,1
E08000023,South Tyneside,utla,2021-04-18,2
E08000023,South Tyneside,utla,2021-04-17,4
E08000023,South Tyneside,utla,2021-04-16,6
E08000023,South Tyneside,utla,2021-04-15,8
E08000023,South Tyneside,utla,2021-04-14,0
E08000023,South Tyneside,utla,2021-04-13,5
E08000023,South Tyneside,utla,2021-04-12,6
E08000023,South Tyneside,utla,2021-04-11,2
E08000023,South Tyneside,utla,2021-04-10,0
E08000023,South Tyneside,utla,2021-04-09,0
E08000023,South Tyneside,utla,2021-04-08,4
E08000023,South Tyneside,utla,2021-04-07,1
E08000023,South Tyneside,utla,2021-04-06,1
E08000023,South Tyneside,utla,2021-04-05,3
E08000023,South Tyneside,utla,2021-04-04,1
E08000023,South Tyneside,utla,2021-04-03,7
E08000023,South Tyneside,utla,2021-04-02,6
E08000023,South Tyneside,utla,2021-04-01,13
E08000023,South Tyneside,utla,2021-03-31,10
E08000023,South Tyneside,utla,2021-03-30,9
E08000023,South Tyneside,utla,2021-03-29,16
E08000023,South Tyneside,utla,2021-03-28,1
E08000023,South Tyneside,utla,2021-03-27,0
E08000023,South Tyneside,utla,2021-03-26,21
E08000023,South Tyneside,utla,2021-03-25,18
E08000023,South Tyneside,utla,2021-03-24,15
E08000023,South Tyneside,utla,2021-03-23,5
E08000023,South Tyneside,utla,2021-03-22,9
E08000023,South Tyneside,utla,2021-03-21,14
E08000023,South Tyneside,utla,2021-03-20,24
E08000023,South Tyneside,utla,2021-03-19,16
E08000023,South Tyneside,utla,2021-03-18,27
E08000023,South Tyneside,utla,2021-03-17,24
E08000023,South Tyneside,utla,2021-03-16,16
E08000023,South Tyneside,utla,2021-03-15,13
E08000023,South Tyneside,utla,2021-03-14,16
E08000023,South Tyneside,utla,2021-03-13,14
E08000023,South Tyneside,utla,2021-03-12,24
E08000023,South Tyneside,utla,2021-03-11,16
E08000023,South Tyneside,utla,2021-03-10,26
E08000023,South Tyneside,utla,2021-03-09,6
E08000023,South Tyneside,utla,2021-03-08,16
E08000023,South Tyneside,utla,2021-03-07,6
E08000023,South Tyneside,utla,2021-03-06,12
E08000023,South Tyneside,utla,2021-03-05,14
E08000023,South Tyneside,utla,2021-03-04,17
E08000023,South Tyneside,utla,2021-03-03,30
E08000023,South Tyneside,utla,2021-03-02,13
E08000023,South Tyneside,utla,2021-03-01,10
E08000023,South Tyneside,utla,2021-02-28,22
E08000023,South Tyneside,utla,2021-02-27,33
E08000023,South Tyneside,utla,2021-02-26,32
E08000023,South Tyneside,utla,2021-02-25,33
E08000023,South Tyneside,utla,2021-02-24,20
E08000023,South Tyneside,utla,2021-02-23,25
E08000023,South Tyneside,utla,2021-02-22,25
E08000023,South Tyneside,utla,2021-02-21,13
E08000023,South Tyneside,utla,2021-02-20,33
E08000023,South Tyneside,utla,2021-02-19,30
E08000023,South Tyneside,utla,2021-02-18,36
E08000023,South Tyneside,utla,2021-02-17,40
E08000023,South Tyneside,utla,2021-02-16,31
E08000023,South Tyneside,utla,2021-02-15,23
E08000023,South Tyneside,utla,2021-02-14,24
E08000023,South Tyneside,utla,2021-02-13,35
E08000023,South Tyneside,utla,2021-02-12,33
E08000023,South Tyneside,utla,2021-02-11,40
E08000023,South Tyneside,utla,2021-02-10,17
E08000023,South Tyneside,utla,2021-02-09,39
E08000023,South Tyneside,utla,2021-02-08,39
E08000023,South Tyneside,utla,2021-02-07,33
E08000023,South Tyneside,utla,2021-02-06,42
E08000023,South Tyneside,utla,2021-02-05,33
E08000023,South Tyneside,utla,2021-02-04,51
E08000023,South Tyneside,utla,2021-02-03,32
E08000023,South Tyneside,utla,2021-02-02,46
E08000023,South Tyneside,utla,2021-02-01,29
E08000023,South Tyneside,utla,2021-01-31,25
E08000023,South Tyneside,utla,2021-01-30,58
E08000023,South Tyneside,utla,2021-01-29,63
E08000023,South Tyneside,utla,2021-01-28,36
E08000023,South Tyneside,utla,2021-01-27,71
E08000023,South Tyneside,utla,2021-01-26,55
E08000023,South Tyneside,utla,2021-01-25,34
E08000023,South Tyneside,utla,2021-01-24,37
E08000023,South Tyneside,utla,2021-01-23,66
E08000023,South Tyneside,utla,2021-01-22,65
E08000023,South Tyneside,utla,2021-01-21,87
E08000023,South Tyneside,utla,2021-01-20,79
E08000023,South Tyneside,utla,2021-01-19,64
E08000023,South Tyneside,utla,2021-01-18,45
E08000023,South Tyneside,utla,2021-01-17,38
E08000023,South Tyneside,utla,2021-01-16,67
E08000023,South Tyneside,utla,2021-01-15,95
E08000023,South Tyneside,utla,2021-01-14,40
E08000023,South Tyneside,utla,2021-01-13,110
E08000023,South Tyneside,utla,2021-01-12,86
E08000023,South Tyneside,utla,2021-01-11,87
E08000023,South Tyneside,utla,2021-01-10,59
E08000023,South Tyneside,utla,2021-01-09,60
E08000023,South Tyneside,utla,2021-01-08,74
E08000023,South Tyneside,utla,2021-01-07,103
E08000023,South Tyneside,utla,2021-01-06,125
E08000023,South Tyneside,utla,2021-01-05,70
E08000023,South Tyneside,utla,2021-01-04,127
E08000023,South Tyneside,utla,2021-01-03,108
E08000023,South Tyneside,utla,2021-01-02,131
E08000023,South Tyneside,utla,2021-01-01,81
E08000023,South Tyneside,utla,2020-12-31,131
E08000023,South Tyneside,utla,2020-12-30,166
E08000023,South Tyneside,utla,2020-12-29,83
E08000023,South Tyneside,utla,2020-12-28,38
E08000023,South Tyneside,utla,2020-12-27,26
E08000023,South Tyneside,utla,2020-12-26,42
E08000023,South Tyneside,utla,2020-12-25,58
E08000023,South Tyneside,utla,2020-12-24,60
E08000023,South Tyneside,utla,2020-12-23,47
E08000023,South Tyneside,utla,2020-12-22,92
E08000023,South Tyneside,utla,2020-12-21,75
E08000023,South Tyneside,utla,2020-12-20,47
E08000023,South Tyneside,utla,2020-12-19,51
E08000023,South Tyneside,utla,2020-12-18,38
E08000023,South Tyneside,utla,2020-12-17,69
E08000023,South Tyneside,utla,2020-12-16,86
E08000023,South Tyneside,utla,2020-12-15,49
E08000023,South Tyneside,utla,2020-12-14,54
E08000023,South Tyneside,utla,2020-12-13,66
E08000023,South Tyneside,utla,2020-12-12,50
E08000023,South Tyneside,utla,2020-12-11,83
E08000023,South Tyneside,utla,2020-12-10,84
E08000023,South Tyneside,utla,2020-12-09,77
E08000023,South Tyneside,utla,2020-12-08,40
E08000023,South Tyneside,utla,2020-12-07,47
E08000023,South Tyneside,utla,2020-12-06,42
E08000023,South Tyneside,utla,2020-12-05,48
E08000023,South Tyneside,utla,2020-12-04,46
E08000023,South Tyneside,utla,2020-12-03,55
E08000023,South Tyneside,utla,2020-12-02,47
E08000023,South Tyneside,utla,2020-12-01,48
E08000023,South Tyneside,utla,2020-11-30,53
E08000023,South Tyneside,utla,2020-11-29,35
E08000023,South Tyneside,utla,2020-11-28,69
E08000023,South Tyneside,utla,2020-11-27,40
E08000023,South Tyneside,utla,2020-11-26,61
E08000023,South Tyneside,utla,2020-11-25,51
E08000023,South Tyneside,utla,2020-11-24,49
E08000023,South Tyneside,utla,2020-11-23,62
E08000023,South Tyneside,utla,2020-11-22,57
E08000023,South Tyneside,utla,2020-11-21,69
E08000023,South Tyneside,utla,2020-11-20,99
E08000023,South Tyneside,utla,2020-11-19,83
E08000023,South Tyneside,utla,2020-11-18,92
E08000023,South Tyneside,utla,2020-11-17,73
E08000023,South Tyneside,utla,2020-11-16,1
E08000023,South Tyneside,utla,2020-11-15,78
E08000023,South Tyneside,utla,2020-11-14,103
E08000023,South Tyneside,utla,2020-11-13,109
E08000023,South Tyneside,utla,2020-11-12,120
E08000023,South Tyneside,utla,2020-11-11,87
E08000023,South Tyneside,utla,2020-11-10,75
E08000023,South Tyneside,utla,2020-11-09,75
E08000023,South Tyneside,utla,2020-11-08,82
E08000023,South Tyneside,utla,2020-11-07,69
E08000023,South Tyneside,utla,2020-11-06,78
E08000023,South Tyneside,utla,2020-11-05,100
E08000023,South Tyneside,utla,2020-11-04,77
E08000023,South Tyneside,utla,2020-11-03,51
E08000023,South Tyneside,utla,2020-11-02,50
E08000023,South Tyneside,utla,2020-11-01,61
E08000023,South Tyneside,utla,2020-10-31,62
E08000023,South Tyneside,utla,2020-10-30,42
E08000023,South Tyneside,utla,2020-10-29,64
E08000023,South Tyneside,utla,2020-10-28,52
E08000023,South Tyneside,utla,2020-10-27,42
E08000023,South Tyneside,utla,2020-10-26,39
E08000023,South Tyneside,utla,2020-10-25,37
E08000023,South Tyneside,utla,2020-10-24,42
E08000023,South Tyneside,utla,2020-10-23,65
E08000023,South Tyneside,utla,2020-10-22,67
E08000023,South Tyneside,utla,2020-10-21,86
E08000023,South Tyneside,utla,2020-10-20,68
E08000023,South Tyneside,utla,2020-10-19,29
E08000023,South Tyneside,utla,2020-10-18,34
E08000023,South Tyneside,utla,2020-10-17,53
E08000023,South Tyneside,utla,2020-10-16,41
E08000023,South Tyneside,utla,2020-10-15,55
E08000023,South Tyneside,utla,2020-10-14,70
E08000023,South Tyneside,utla,2020-10-13,50
E08000023,South Tyneside,utla,2020-10-12,56
E08000023,South Tyneside,utla,2020-10-11,28
E08000023,South Tyneside,utla,2020-10-10,71
E08000023,South Tyneside,utla,2020-10-09,45
E08000023,South Tyneside,utla,2020-10-08,56
E08000023,South Tyneside,utla,2020-10-07,62
E08000023,South Tyneside,utla,2020-10-06,63
E08000023,South Tyneside,utla,2020-10-05,60
E08000023,South Tyneside,utla,2020-10-04,158
E08000023,South Tyneside,utla,2020-10-03,76
E08000023,South Tyneside,utla,2020-10-02,46
E08000023,South Tyneside,utla,2020-10-01,31
E08000023,South Tyneside,utla,2020-09-30,40
E08000023,South Tyneside,utla,2020-09-29,55
E08000023,South Tyneside,utla,2020-09-28,12
E08000023,South Tyneside,utla,2020-09-27,38
E08000023,South Tyneside,utla,2020-09-26,33
E08000023,South Tyneside,utla,2020-09-25,53
E08000023,South Tyneside,utla,2020-09-24,41
E08000023,South Tyneside,utla,2020-09-23,52
E08000023,South Tyneside,utla,2020-09-22,63
E08000023,South Tyneside,utla,2020-09-21,41
E08000023,South Tyneside,utla,2020-09-20,39
E08000023,South Tyneside,utla,2020-09-19,32
E08000023,South Tyneside,utla,2020-09-18,39
E08000023,South Tyneside,utla,2020-09-17,56
E08000023,South Tyneside,utla,2020-09-16,36
E08000023,South Tyneside,utla,2020-09-15,19
E08000023,South Tyneside,utla,2020-09-14,13
E08000023,South Tyneside,utla,2020-09-13,16
E08000023,South Tyneside,utla,2020-09-12,25
E08000023,South Tyneside,utla,2020-09-11,27
E08000023,South Tyneside,utla,2020-09-10,10
E08000023,South Tyneside,utla,2020-09-09,16
E08000023,South Tyneside,utla,2020-09-08,10
E08000023,South Tyneside,utla,2020-09-07,21
E08000023,South Tyneside,utla,2020-09-06,13
E08000023,South Tyneside,utla,2020-09-05,6
E08000023,South Tyneside,utla,2020-09-04,9
E08000023,South Tyneside,utla,2020-09-03,3
E08000023,South Tyneside,utla,2020-09-02,16
E08000023,South Tyneside,utla,2020-09-01,10
E08000023,South Tyneside,utla,2020-08-31,18
E08000023,South Tyneside,utla,2020-08-30,14
E08000023,South Tyneside,utla,2020-08-29,3
E08000023,South Tyneside,utla,2020-08-28,14
E08000023,South Tyneside,utla,2020-08-27,8
E08000023,South Tyneside,utla,2020-08-26,3
E08000023,South Tyneside,utla,2020-08-25,1
E08000023,South Tyneside,utla,2020-08-24,2
E08000023,South Tyneside,utla,2020-08-23,0
E08000023,South Tyneside,utla,2020-08-22,3
E08000023,South Tyneside,utla,2020-08-21,7
E08000023,South Tyneside,utla,2020-08-20,3
E08000023,South Tyneside,utla,2020-08-19,1
E08000023,South Tyneside,utla,2020-08-18,0
E08000023,South Tyneside,utla,2020-08-17,0
E08000023,South Tyneside,utla,2020-08-16,0
E08000023,South Tyneside,utla,2020-08-15,0
E08000023,South Tyneside,utla,2020-08-14,4
E08000023,South Tyneside,utla,2020-08-13,0
E08000023,South Tyneside,utla,2020-08-12,0
E08000023,South Tyneside,utla,2020-08-11,4
E08000023,South Tyneside,utla,2020-08-10,0
E08000023,South Tyneside,utla,2020-08-09,0
E08000023,South Tyneside,utla,2020-08-08,0
E08000023,South Tyneside,utla,2020-08-07,1
E08000023,South Tyneside,utla,2020-08-06,1
E08000023,South Tyneside,utla,2020-08-05,0
E08000023,South Tyneside,utla,2020-08-04,0
E08000023,South Tyneside,utla,2020-08-03,0
E08000023,South Tyneside,utla,2020-08-02,0
E08000023,South Tyneside,utla,2020-08-01,2
E08000023,South Tyneside,utla,2020-07-31,0
E08000023,South Tyneside,utla,2020-07-30,1
E08000023,South Tyneside,utla,2020-07-29,0
E08000023,South Tyneside,utla,2020-07-28,0
E08000023,South Tyneside,utla,2020-07-27,0
E08000023,South Tyneside,utla,2020-07-26,0
E08000023,South Tyneside,utla,2020-07-25,1
E08000023,South Tyneside,utla,2020-07-24,0
E08000023,South Tyneside,utla,2020-07-23,1
E08000023,South Tyneside,utla,2020-07-22,2
E08000023,South Tyneside,utla,2020-07-21,0
E08000023,South Tyneside,utla,2020-07-20,0
E08000023,South Tyneside,utla,2020-07-19,0
E08000023,South Tyneside,utla,2020-07-18,1
E08000023,South Tyneside,utla,2020-07-17,1
E08000023,South Tyneside,utla,2020-07-16,0
E08000023,South Tyneside,utla,2020-07-15,0
E08000023,South Tyneside,utla,2020-07-14,0
E08000023,South Tyneside,utla,2020-07-13,0
E08000023,South Tyneside,utla,2020-07-12,2
E08000023,South Tyneside,utla,2020-07-11,2
E08000023,South Tyneside,utla,2020-07-10,0
E08000023,South Tyneside,utla,2020-07-09,1
E08000023,South Tyneside,utla,2020-07-08,0
E08000023,South Tyneside,utla,2020-07-07,0
E08000023,South Tyneside,utla,2020-07-06,1
E08000023,South Tyneside,utla,2020-07-05,0
E08000023,South Tyneside,utla,2020-07-04,0
E08000023,South Tyneside,utla,2020-07-03,0
E08000023,South Tyneside,utla,2020-07-02,1
E08000023,South Tyneside,utla,2020-07-01,189
E08000023,South Tyneside,utla,2020-06-30,0
E08000023,South Tyneside,utla,2020-06-29,0
E08000023,South Tyneside,utla,2020-06-28,0
E08000023,South Tyneside,utla,2020-06-27,0
E08000023,South Tyneside,utla,2020-06-26,0
E08000023,South Tyneside,utla,2020-06-25,0
E08000023,South Tyneside,utla,2020-06-24,0
E08000023,South Tyneside,utla,2020-06-23,0
E08000023,South Tyneside,utla,2020-06-22,0
E08000023,South Tyneside,utla,2020-06-21,0
E08000023,South Tyneside,utla,2020-06-20,0
E08000023,South Tyneside,utla,2020-06-19,0
E08000023,South Tyneside,utla,2020-06-18,0
E08000023,South Tyneside,utla,2020-06-17,0
E08000023,South Tyneside,utla,2020-06-16,0
E08000023,South Tyneside,utla,2020-06-15,0
E08000023,South Tyneside,utla,2020-06-14,2
E08000023,South Tyneside,utla,2020-06-13,0
E08000023,South Tyneside,utla,2020-06-12,1
E08000023,South Tyneside,utla,2020-06-11,1
E08000023,South Tyneside,utla,2020-06-10,0
E08000023,South Tyneside,utla,2020-06-09,1
E08000023,South Tyneside,utla,2020-06-08,0
E08000023,South Tyneside,utla,2020-06-07,0
E08000023,South Tyneside,utla,2020-06-06,0
E08000023,South Tyneside,utla,2020-06-05,0
E08000023,South Tyneside,utla,2020-06-04,1
E08000023,South Tyneside,utla,2020-06-03,0
E08000023,South Tyneside,utla,2020-06-02,1
E08000023,South Tyneside,utla,2020-06-01,0
E08000023,South Tyneside,utla,2020-05-31,0
E08000023,South Tyneside,utla,2020-05-30,3
E08000023,South Tyneside,utla,2020-05-29,2
E08000023,South Tyneside,utla,2020-05-28,0
E08000023,South Tyneside,utla,2020-05-27,1
E08000023,South Tyneside,utla,2020-05-26,2
E08000023,South Tyneside,utla,2020-05-25,6
E08000023,South Tyneside,utla,2020-05-24,0
E08000023,South Tyneside,utla,2020-05-23,4
E08000023,South Tyneside,utla,2020-05-22,0
E08000023,South Tyneside,utla,2020-05-21,3
E08000023,South Tyneside,utla,2020-05-20,4
E08000023,South Tyneside,utla,2020-05-19,5
E08000023,South Tyneside,utla,2020-05-18,0
E08000023,South Tyneside,utla,2020-05-17,4
E08000023,South Tyneside,utla,2020-05-16,19
E08000023,South Tyneside,utla,2020-05-15,3
E08000023,South Tyneside,utla,2020-05-14,7
E08000023,South Tyneside,utla,2020-05-13,8
E08000023,South Tyneside,utla,2020-05-12,3
E08000023,South Tyneside,utla,2020-05-11,12
E08000023,South Tyneside,utla,2020-05-10,11
E08000023,South Tyneside,utla,2020-05-09,4
E08000023,South Tyneside,utla,2020-05-08,10
E08000023,South Tyneside,utla,2020-05-07,22
E08000023,South Tyneside,utla,2020-05-06,1
E08000023,South Tyneside,utla,2020-05-05,7
E08000023,South Tyneside,utla,2020-05-04,8
E08000023,South Tyneside,utla,2020-05-03,27
E08000023,South Tyneside,utla,2020-05-02,3
E08000023,South Tyneside,utla,2020-05-01,27
E08000023,South Tyneside,utla,2020-04-30,37
E08000023,South Tyneside,utla,2020-04-29,0
E08000023,South Tyneside,utla,2020-04-28,6
E08000023,South Tyneside,utla,2020-04-27,9
E08000023,South Tyneside,utla,2020-04-26,22
E08000023,South Tyneside,utla,2020-04-25,22
E08000023,South Tyneside,utla,2020-04-24,17
E08000023,South Tyneside,utla,2020-04-23,13
E08000023,South Tyneside,utla,2020-04-22,41
E08000023,South Tyneside,utla,2020-04-21,14
E08000023,South Tyneside,utla,2020-04-20,12
E08000023,South Tyneside,utla,2020-04-19,54
E08000023,South Tyneside,utla,2020-04-18,14
E08000023,South Tyneside,utla,2020-04-17,26
