areaCode,areaName,areaType,date,newCasesByPublishDate,newAdmissions,newAdmissionsRollingRate
E40000005,South East,nhsRegion,2023-01-04,1376,,
E40000005,South East,nhsRegion,2023-01-03,1442,,
E40000005,South East,nhsRegion,2023-01-02,1489,131,11.9
E40000005,South East,nhsRegion,2023-01-01,1523,130,12.6
E40000005,South East,nhsRegion,2022-12-31,1535,91,13.2
E40000005,South East,nhsRegion,2022-12-30,1554,129,13.8
E40000005,South East,nhsRegion,2022-12-29,1567,177,14.3
E40000005,South East,nhsRegion,2022-12-28,1569,208,14.7
E40000005,South East,nhsRegion,2022-12-27,1544,199,14.9
E40000005,South East,nhsRegion,2022-12-26,1540,195,15.4
E40000005,South East,nhsRegion,2022-12-25,1462,179,15.5
E40000005,South East,nhsRegion,2022-12-24,1468,149,16.5
E40000005,South East,nhsRegion,2022-12-23,1422,167,16.3
E40000005,South East,nhsRegion,2022-12-22,1383,212,15.9
E40000005,South East,nhsRegion,2022-12-21,1347,227,15.6
E40000005,South East,nhsRegion,2022-12-20,1259,244,14.7
E40000005,South East,nhsRegion,2022-12-19,1156,211,13.8
E40000005,South East,nhsRegion,2022-12-18,1111,263,12.9
E40000005,South East,nhsRegion,2022-12-17,1044,132,11.4
E40000005,South East,nhsRegion,2022-12-16,1034,135,11.1
E40000005,South East,nhsRegion,2022-12-15,977,180,10.8
E40000005,South East,nhsRegion,2022-12-14,923,151,10.0
E40000005,South East,nhsRegion,2022-12-13,928,158,9.7
E40000005,South East,nhsRegion,2022-12-12,954,129,9.2
E40000005,South East,nhsRegion,2022-12-11,885,137,8.8
E40000005,South East,nhsRegion,2022-12-10,850,106,8.3
E40000005,South East,nhsRegion,2022-12-09,827,102,8.1
E40000005,South East,nhsRegion,2022-12-08,832,108,7.9
E40000005,South East,nhsRegion,2022-12-07,801,128,7.8
E40000005,South East,nhsRegion,2022-12-06,759,113,7.4
E40000005,South East,nhsRegion,2022-12-05,769,88,7.2
E40000005,South East,nhsRegion,2022-12-04,743,96,7.2
E40000005,South East,nhsRegion,2022-12-03,708,93,7.3
E40000005,South East,nhsRegion,2022-12-02,703,78,7.3
E40000005,South East,nhsRegion,2022-12-01,691,104,7.4
E40000005,South East,nhsRegion,2022-11-30,665,85,7.1
E40000005,South East,nhsRegion,2022-11-29,648,103,6.9
E40000005,South East,nhsRegion,2022-11-28,634,80,6.7
E40000005,South East,nhsRegion,2022-11-27,609,110,6.5
E40000005,South East,nhsRegion,2022-11-26,591,92,6.2
E40000005,South East,nhsRegion,2022-11-25,601,84,5.9
E40000005,South East,nhsRegion,2022-11-24,622,78,5.6
E40000005,South East,nhsRegion,2022-11-23,605,73,5.9
E40000005,South East,nhsRegion,2022-11-22,666,79,6.3
E40000005,South East,nhsRegion,2022-11-21,647,69,6.4
E40000005,South East,nhsRegion,2022-11-20,625,79,6.5
E40000005,South East,nhsRegion,2022-11-19,647,68,6.5
E40000005,South East,nhsRegion,2022-11-18,662,56,6.4
E40000005,South East,nhsRegion,2022-11-17,645,99,6.3
E40000005,South East,nhsRegion,2022-11-16,642,112,6.0
E40000005,South East,nhsRegion,2022-11-15,678,89,5.6
E40000005,South East,nhsRegion,2022-11-14,662,81,5.6
E40000005,South East,nhsRegion,2022-11-13,657,75,5.8
E40000005,South East,nhsRegion,2022-11-12,694,56,6.1
E40000005,South East,nhsRegion,2022-11-11,700,47,6.3
E40000005,South East,nhsRegion,2022-11-10,741,77,6.3
E40000005,South East,nhsRegion,2022-11-09,801,78,6.4
E40000005,South East,nhsRegion,2022-11-08,778,86,6.4
E40000005,South East,nhsRegion,2022-11-07,816,102,6.6
E40000005,South East,nhsRegion,2022-11-06,814,102,6.4
E40000005,South East,nhsRegion,2022-11-05,850,71,6.3
E40000005,South East,nhsRegion,2022-11-04,885,50,6.5
E40000005,South East,nhsRegion,2022-11-03,934,81,6.9
E40000005,South East,nhsRegion,2022-11-02,991,83,7.3
E40000005,South East,nhsRegion,2022-11-01,1057,102,7.8
E40000005,South East,nhsRegion,2022-10-31,1149,85,7.9
E40000005,South East,nhsRegion,2022-10-30,1202,91,8.4
E40000005,South East,nhsRegion,2022-10-29,1246,85,9.0
E40000005,South East,nhsRegion,2022-10-28,1298,87,10.2
E40000005,South East,nhsRegion,2022-10-27,1375,121,10.5
E40000005,South East,nhsRegion,2022-10-26,1419,127,10.8
E40000005,South East,nhsRegion,2022-10-25,1521,114,11.7
E40000005,South East,nhsRegion,2022-10-24,1615,124,12.5
E40000005,South East,nhsRegion,2022-10-23,1626,144,13.2
E40000005,South East,nhsRegion,2022-10-22,1641,196,14.5
E40000005,South East,nhsRegion,2022-10-21,1677,114,14.0
E40000005,South East,nhsRegion,2022-10-20,1715,148,14.3
E40000005,South East,nhsRegion,2022-10-19,1750,201,15.3
E40000005,South East,nhsRegion,2022-10-18,1813,189,14.9
E40000005,South East,nhsRegion,2022-10-17,1781,183,15.0
E40000005,South East,nhsRegion,2022-10-16,1745,261,15.5
E40000005,South East,nhsRegion,2022-10-15,1746,157,15.6
E40000005,South East,nhsRegion,2022-10-14,1714,136,15.5
E40000005,South East,nhsRegion,2022-10-13,1667,237,15.6
E40000005,South East,nhsRegion,2022-10-12,1700,171,15.1
E40000005,South East,nhsRegion,2022-10-11,1689,191,15.1
E40000005,South East,nhsRegion,2022-10-10,1621,231,15.9
E40000005,South East,nhsRegion,2022-10-09,1612,268,15.8
E40000005,South East,nhsRegion,2022-10-08,1551,149,15.4
E40000005,South East,nhsRegion,2022-10-07,1563,146,16.1
E40000005,South East,nhsRegion,2022-10-06,1570,195,16.1
E40000005,South East,nhsRegion,2022-10-05,1553,170,16.0
E40000005,South East,nhsRegion,2022-10-04,1473,259,16.3
E40000005,South East,nhsRegion,2022-10-03,1427,226,15.2
E40000005,South East,nhsRegion,2022-10-02,1332,230,14.3
E40000005,South East,nhsRegion,2022-10-01,1243,211,14.1
E40000005,South East,nhsRegion,2022-09-30,1166,146,13.3
E40000005,South East,nhsRegion,2022-09-29,1047,187,12.8
E40000005,South East,nhsRegion,2022-09-28,1022,196,12.0
E40000005,South East,nhsRegion,2022-09-27,974,163,11.2
E40000005,South East,nhsRegion,2022-09-26,879,144,10.8
E40000005,South East,nhsRegion,2022-09-25,822,216,10.4
E40000005,South East,nhsRegion,2022-09-24,731,134,8.9
E40000005,South East,nhsRegion,2022-09-23,700,103,8.2
E40000005,South East,nhsRegion,2022-09-22,641,118,7.9
E40000005,South East,nhsRegion,2022-09-21,631,124,7.4
E40000005,South East,nhsRegion,2022-09-20,574,124,7.0
E40000005,South East,nhsRegion,2022-09-19,571,111,6.6
E40000005,South East,nhsRegion,2022-09-18,555,80,6.3
E40000005,South East,nhsRegion,2022-09-17,525,77,6.4
E40000005,South East,nhsRegion,2022-09-16,535,76,6.3
E40000005,South East,nhsRegion,2022-09-15,560,73,6.3
E40000005,South East,nhsRegion,2022-09-14,560,82,6.2
E40000005,South East,nhsRegion,2022-09-13,576,89,6.2
E40000005,South East,nhsRegion,2022-09-12,592,87,6.0
E40000005,South East,nhsRegion,2022-09-11,579,87,5.9
E40000005,South East,nhsRegion,2022-09-10,550,67,5.7
E40000005,South East,nhsRegion,2022-09-09,581,76,6.0
E40000005,South East,nhsRegion,2022-09-08,595,64,5.8
E40000005,South East,nhsRegion,2022-09-07,574,87,6.0
E40000005,South East,nhsRegion,2022-09-06,637,69,5.8
E40000005,South East,nhsRegion,2022-09-05,682,79,6.0
E40000005,South East,nhsRegion,2022-09-04,672,71,6.2
E40000005,South East,nhsRegion,2022-09-03,679,91,6.4
E40000005,South East,nhsRegion,2022-09-02,684,60,6.1
E40000005,South East,nhsRegion,2022-09-01,758,76,6.3
E40000005,South East,nhsRegion,2022-08-31,781,70,6.8
E40000005,South East,nhsRegion,2022-08-30,777,92,7.1
E40000005,South East,nhsRegion,2022-08-29,777,93,7.2
E40000005,South East,nhsRegion,2022-08-28,779,88,7.3
E40000005,South East,nhsRegion,2022-08-27,762,64,7.6
E40000005,South East,nhsRegion,2022-08-26,638,78,7.7
E40000005,South East,nhsRegion,2022-08-25,800,126,8.0
E40000005,South East,nhsRegion,2022-08-24,789,92,7.5
E40000005,South East,nhsRegion,2022-08-23,841,104,7.7
E40000005,South East,nhsRegion,2022-08-22,846,103,7.9
E40000005,South East,nhsRegion,2022-08-21,784,109,8.0
E40000005,South East,nhsRegion,2022-08-20,819,80,7.9
E40000005,South East,nhsRegion,2022-08-19,856,100,8.3
E40000005,South East,nhsRegion,2022-08-18,918,78,8.0
E40000005,South East,nhsRegion,2022-08-17,958,114,8.6
E40000005,South East,nhsRegion,2022-08-16,975,122,8.9
E40000005,South East,nhsRegion,2022-08-15,1004,112,8.9
E40000005,South East,nhsRegion,2022-08-14,996,96,9.1
E40000005,South East,nhsRegion,2022-08-13,988,119,9.5
E40000005,South East,nhsRegion,2022-08-12,936,77,9.2
E40000005,South East,nhsRegion,2022-08-11,975,131,9.6
E40000005,South East,nhsRegion,2022-08-10,1006,135,9.6
E40000005,South East,nhsRegion,2022-08-09,1019,127,10.0
E40000005,South East,nhsRegion,2022-08-08,1050,127,10.0
E40000005,South East,nhsRegion,2022-08-07,1057,135,10.3
E40000005,South East,nhsRegion,2022-08-06,1063,88,10.4
E40000005,South East,nhsRegion,2022-08-05,1098,117,10.8
E40000005,South East,nhsRegion,2022-08-04,1125,130,10.9
E40000005,South East,nhsRegion,2022-08-03,1187,166,11.0
E40000005,South East,nhsRegion,2022-08-02,1244,132,11.1
E40000005,South East,nhsRegion,2022-08-01,1324,149,11.5
E40000005,South East,nhsRegion,2022-07-31,1313,144,11.8
E40000005,South East,nhsRegion,2022-07-30,1313,123,11.8
E40000005,South East,nhsRegion,2022-07-29,1366,134,12.1
E40000005,South East,nhsRegion,2022-07-28,1451,136,12.5
E40000005,South East,nhsRegion,2022-07-27,1498,174,13.4
E40000005,South East,nhsRegion,2022-07-26,1577,168,14.3
E40000005,South East,nhsRegion,2022-07-25,1663,173,15.2
E40000005,South East,nhsRegion,2022-07-24,1726,150,16.4
E40000005,South East,nhsRegion,2022-07-23,1691,146,17.3
E40000005,South East,nhsRegion,2022-07-22,1785,173,17.9
E40000005,South East,nhsRegion,2022-07-21,1842,209,18.1
E40000005,South East,nhsRegion,2022-07-20,1874,257,18.3
E40000005,South East,nhsRegion,2022-07-19,1905,252,18.8
E40000005,South East,nhsRegion,2022-07-18,1985,274,19.0
E40000005,South East,nhsRegion,2022-07-17,1940,232,20.0
E40000005,South East,nhsRegion,2022-07-16,1940,206,20.5
E40000005,South East,nhsRegion,2022-07-15,1931,184,21.3
E40000005,South East,nhsRegion,2022-07-14,1974,233,22.1
E40000005,South East,nhsRegion,2022-07-13,1955,298,22.5
E40000005,South East,nhsRegion,2022-07-12,1936,270,22.5
E40000005,South East,nhsRegion,2022-07-11,1939,364,22.8
E40000005,South East,nhsRegion,2022-07-10,1891,280,22.2
E40000005,South East,nhsRegion,2022-07-09,1836,274,22.5
E40000005,South East,nhsRegion,2022-07-08,1794,254,21.6
E40000005,South East,nhsRegion,2022-07-07,1744,270,20.8
E40000005,South East,nhsRegion,2022-07-06,1652,296,20.3
E40000005,South East,nhsRegion,2022-07-05,1639,301,20.0
E40000005,South East,nhsRegion,2022-07-04,1537,304,18.9
E40000005,South East,nhsRegion,2022-07-03,1433,313,18.2
E40000005,South East,nhsRegion,2022-07-02,1332,190,16.7
E40000005,South East,nhsRegion,2022-07-01,1319,188,16.2
E40000005,South East,nhsRegion,2022-06-30,1188,219,15.5
E40000005,South East,nhsRegion,2022-06-29,1116,269,15.1
E40000005,South East,nhsRegion,2022-06-28,1045,209,14.0
E40000005,South East,nhsRegion,2022-06-27,1031,242,13.5
E40000005,South East,nhsRegion,2022-06-26,1003,177,12.3
E40000005,South East,nhsRegion,2022-06-25,930,139,11.9
E40000005,South East,nhsRegion,2022-06-24,885,131,11.7
E40000005,South East,nhsRegion,2022-06-23,857,181,11.6
E40000005,South East,nhsRegion,2022-06-22,812,170,10.8
E40000005,South East,nhsRegion,2022-06-21,803,166,10.0
E40000005,South East,nhsRegion,2022-06-20,781,134,9.4
E40000005,South East,nhsRegion,2022-06-19,730,142,8.9
E40000005,South East,nhsRegion,2022-06-18,690,118,8.6
E40000005,South East,nhsRegion,2022-06-17,670,122,8.2
E40000005,South East,nhsRegion,2022-06-16,678,115,7.6
E40000005,South East,nhsRegion,2022-06-15,639,98,7.5
E40000005,South East,nhsRegion,2022-06-14,625,108,7.3
E40000005,South East,nhsRegion,2022-06-13,616,96,7.3
E40000005,South East,nhsRegion,2022-06-12,556,108,7.3
E40000005,South East,nhsRegion,2022-06-11,543,88,7.2
E40000005,South East,nhsRegion,2022-06-10,533,70,7.0
E40000005,South East,nhsRegion,2022-06-09,463,98,7.0
E40000005,South East,nhsRegion,2022-06-08,492,88,6.6
E40000005,South East,nhsRegion,2022-06-07,502,106,6.5
E40000005,South East,nhsRegion,2022-06-06,478,91,6.1
E40000005,South East,nhsRegion,2022-06-05,464,104,5.8
E40000005,South East,nhsRegion,2022-06-04,434,70,5.2
E40000005,South East,nhsRegion,2022-06-03,430,72,5.1
E40000005,South East,nhsRegion,2022-06-02,413,63,5.1
E40000005,South East,nhsRegion,2022-06-01,417,73,5.1
E40000005,South East,nhsRegion,2022-05-31,431,73,4.9
E40000005,South East,nhsRegion,2022-05-30,444,64,4.8
E40000005,South East,nhsRegion,2022-05-29,422,53,4.8
E40000005,South East,nhsRegion,2022-05-28,422,57,5.1
E40000005,South East,nhsRegion,2022-05-27,449,74,5.0
E40000005,South East,nhsRegion,2022-05-26,473,63,4.8
E40000005,South East,nhsRegion,2022-05-25,525,51,5.0
E40000005,South East,nhsRegion,2022-05-24,538,65,5.5
E40000005,South East,nhsRegion,2022-05-23,568,65,5.6
E40000005,South East,nhsRegion,2022-05-22,570,78,6.0
E40000005,South East,nhsRegion,2022-05-21,593,54,5.8
E40000005,South East,nhsRegion,2022-05-20,608,55,6.2
E40000005,South East,nhsRegion,2022-05-19,637,77,6.5
E40000005,South East,nhsRegion,2022-05-18,662,96,6.7
E40000005,South East,nhsRegion,2022-05-17,665,78,6.9
E40000005,South East,nhsRegion,2022-05-16,706,95,7.4
E40000005,South East,nhsRegion,2022-05-15,702,67,7.4
E40000005,South East,nhsRegion,2022-05-14,697,90,7.7
E40000005,South East,nhsRegion,2022-05-13,721,74,7.6
E40000005,South East,nhsRegion,2022-05-12,750,101,8.0
E40000005,South East,nhsRegion,2022-05-11,815,109,8.2
E40000005,South East,nhsRegion,2022-05-10,873,121,8.3
E40000005,South East,nhsRegion,2022-05-09,901,99,8.3
E40000005,South East,nhsRegion,2022-05-08,921,97,8.9
E40000005,South East,nhsRegion,2022-05-07,920,79,9.4
E40000005,South East,nhsRegion,2022-05-06,966,107,9.6
E40000005,South East,nhsRegion,2022-05-05,1001,121,9.8
E40000005,South East,nhsRegion,2022-05-04,1042,116,9.8
E40000005,South East,nhsRegion,2022-05-03,1104,126,10.2
E40000005,South East,nhsRegion,2022-05-02,1110,148,10.7
E40000005,South East,nhsRegion,2022-05-01,1098,145,10.7
E40000005,South East,nhsRegion,2022-04-30,1095,99,10.8
E40000005,South East,nhsRegion,2022-04-29,1147,122,11.1
E40000005,South East,nhsRegion,2022-04-28,1206,123,11.4
E40000005,South East,nhsRegion,2022-04-27,1337,148,12.1
E40000005,South East,nhsRegion,2022-04-26,1290,167,12.5
E40000005,South East,nhsRegion,2022-04-25,1425,154,12.9
E40000005,South East,nhsRegion,2022-04-24,1445,148,13.8
E40000005,South East,nhsRegion,2022-04-23,1453,128,14.5
E40000005,South East,nhsRegion,2022-04-22,1558,152,15.0
E40000005,South East,nhsRegion,2022-04-21,1652,181,15.2
E40000005,South East,nhsRegion,2022-04-20,1782,191,16.1
E40000005,South East,nhsRegion,2022-04-19,1940,199,17.1
E40000005,South East,nhsRegion,2022-04-18,1880,234,18.1
E40000005,South East,nhsRegion,2022-04-17,1929,210,18.6
E40000005,South East,nhsRegion,2022-04-16,1871,174,19.5
E40000005,South East,nhsRegion,2022-04-15,2000,172,20.7
E40000005,South East,nhsRegion,2022-04-14,2096,255,21.8
E40000005,South East,nhsRegion,2022-04-13,2158,287,22.5
E40000005,South East,nhsRegion,2022-04-12,2294,283,23.6
E40000005,South East,nhsRegion,2022-04-11,2411,277,24.6
E40000005,South East,nhsRegion,2022-04-10,2301,290,25.4
E40000005,South East,nhsRegion,2022-04-09,2322,286,26.7
E40000005,South East,nhsRegion,2022-04-08,2423,271,27.1
E40000005,South East,nhsRegion,2022-04-07,2443,320,27.2
E40000005,South East,nhsRegion,2022-04-06,2438,381,27.3
E40000005,South East,nhsRegion,2022-04-05,2445,372,27.2
E40000005,South East,nhsRegion,2022-04-04,2401,351,26.7
E40000005,South East,nhsRegion,2022-04-03,2286,401,26.7
E40000005,South East,nhsRegion,2022-04-02,2198,322,25.8
E40000005,South East,nhsRegion,2022-04-01,2259,281,26.0
E40000005,South East,nhsRegion,2022-03-31,2074,327,26.6
E40000005,South East,nhsRegion,2022-03-30,2174,372,26.6
E40000005,South East,nhsRegion,2022-03-29,2199,334,26.1
E40000005,South East,nhsRegion,2022-03-28,2197,349,26.2
E40000005,South East,nhsRegion,2022-03-27,2087,319,26.2
E40000005,South East,nhsRegion,2022-03-26,1879,338,26.0
E40000005,South East,nhsRegion,2022-03-25,2004,341,25.6
E40000005,South East,nhsRegion,2022-03-24,1982,327,24.5
E40000005,South East,nhsRegion,2022-03-23,1962,321,24.2
E40000005,South East,nhsRegion,2022-03-22,1958,344,24.3
E40000005,South East,nhsRegion,2022-03-21,1956,349,24.2
E40000005,South East,nhsRegion,2022-03-20,1891,307,23.6
E40000005,South East,nhsRegion,2022-03-19,1848,294,23.5
E40000005,South East,nhsRegion,2022-03-18,1869,245,22.6
E40000005,South East,nhsRegion,2022-03-17,1792,304,22.5
E40000005,South East,nhsRegion,2022-03-16,1694,332,21.9
E40000005,South East,nhsRegion,2022-03-15,1664,331,21.2
E40000005,South East,nhsRegion,2022-03-14,1630,299,20.5
E40000005,South East,nhsRegion,2022-03-13,1459,291,19.4
E40000005,South East,nhsRegion,2022-03-12,1455,217,18.9
E40000005,South East,nhsRegion,2022-03-11,1345,237,18.4
E40000005,South East,nhsRegion,2022-03-10,1341,253,17.9
E40000005,South East,nhsRegion,2022-03-09,1284,262,17.7
E40000005,South East,nhsRegion,2022-03-08,1277,270,17.2
E40000005,South East,nhsRegion,2022-03-07,1229,205,16.3
E40000005,South East,nhsRegion,2022-03-06,1170,242,16.0
E40000005,South East,nhsRegion,2022-03-05,1152,172,15.2
E40000005,South East,nhsRegion,2022-03-04,1140,199,15.0
E40000005,South East,nhsRegion,2022-03-03,1134,227,14.5
E40000005,South East,nhsRegion,2022-03-02,1115,220,13.7
E40000005,South East,nhsRegion,2022-03-01,1162,187,13.2
E40000005,South East,nhsRegion,2022-02-28,1159,178,12.9
E40000005,South East,nhsRegion,2022-02-27,1145,177,12.8
E40000005,South East,nhsRegion,2022-02-26,1100,149,12.9
E40000005,South East,nhsRegion,2022-02-25,1157,158,12.7
E40000005,South East,nhsRegion,2022-02-24,1174,158,12.2
E40000005,South East,nhsRegion,2022-02-23,1188,170,12.3
E40000005,South East,nhsRegion,2022-02-22,1141,162,12.5
E40000005,South East,nhsRegion,2022-02-21,1268,170,13.0
E40000005,South East,nhsRegion,2022-02-20,1251,185,13.4
E40000005,South East,nhsRegion,2022-02-19,1249,136,13.5
E40000005,South East,nhsRegion,2022-02-18,1299,112,13.9
E40000005,South East,nhsRegion,2022-02-17,1333,164,14.3
E40000005,South East,nhsRegion,2022-02-16,1348,186,14.4
E40000005,South East,nhsRegion,2022-02-15,1397,212,14.4
E40000005,South East,nhsRegion,2022-02-14,1394,201,14.3
E40000005,South East,nhsRegion,2022-02-13,1374,194,14.0
E40000005,South East,nhsRegion,2022-02-12,1330,174,14.5
E40000005,South East,nhsRegion,2022-02-11,1363,143,14.2
E40000005,South East,nhsRegion,2022-02-10,1399,177,14.5
E40000005,South East,nhsRegion,2022-02-09,1447,189,15.0
E40000005,South East,nhsRegion,2022-02-08,1492,199,15.1
E40000005,South East,nhsRegion,2022-02-07,1520,178,15.3
E40000005,South East,nhsRegion,2022-02-06,1466,234,15.8
E40000005,South East,nhsRegion,2022-02-05,1471,148,15.1
E40000005,South East,nhsRegion,2022-02-04,1503,173,15.9
E40000005,South East,nhsRegion,2022-02-03,1553,216,16.3
E40000005,South East,nhsRegion,2022-02-02,1558,199,16.5
E40000005,South East,nhsRegion,2022-02-01,1534,220,16.9
E40000005,South East,nhsRegion,2022-01-31,1585,226,17.2
E40000005,South East,nhsRegion,2022-01-30,1506,171,16.9
E40000005,South East,nhsRegion,2022-01-29,1424,214,17.3
E40000005,South East,nhsRegion,2022-01-28,1482,211,16.6
E40000005,South East,nhsRegion,2022-01-27,1456,229,16.2
E40000005,South East,nhsRegion,2022-01-26,1441,240,16.0
E40000005,South East,nhsRegion,2022-01-25,1456,245,15.7
E40000005,South East,nhsRegion,2022-01-24,1503,204,15.3
E40000005,South East,nhsRegion,2022-01-23,1488,203,15.1
E40000005,South East,nhsRegion,2022-01-22,1459,151,14.7
E40000005,South East,nhsRegion,2022-01-21,1500,175,15.0
E40000005,South East,nhsRegion,2022-01-20,1475,214,15.1
E40000005,South East,nhsRegion,2022-01-19,1519,208,14.9
E40000005,South East,nhsRegion,2022-01-18,1566,213,15.0
E40000005,South East,nhsRegion,2022-01-17,1573,181,15.5
E40000005,South East,nhsRegion,2022-01-16,1545,173,15.9
E40000005,South East,nhsRegion,2022-01-15,1541,180,16.6
E40000005,South East,nhsRegion,2022-01-14,1565,179,16.7
E40000005,South East,nhsRegion,2022-01-13,1623,201,17.0
E40000005,South East,nhsRegion,2022-01-12,1616,211,16.9
E40000005,South East,nhsRegion,2022-01-11,1649,256,17.3
E40000005,South East,nhsRegion,2022-01-10,1672,224,16.8
E40000005,South East,nhsRegion,2022-01-09,1582,229,17.2
E40000005,South East,nhsRegion,2022-01-08,1593,194,16.5
E40000005,South East,nhsRegion,2022-01-07,1606,201,16.9
E40000005,South East,nhsRegion,2022-01-06,1566,194,16.8
E40000005,South East,nhsRegion,2022-01-05,1567,246,17.2
E40000005,South East,nhsRegion,2022-01-04,1471,217,17.3
E40000005,South East,nhsRegion,2022-01-03,1463,255,17.4
E40000005,South East,nhsRegion,2022-01-02,1362,168,16.9
E40000005,South East,nhsRegion,2022-01-01,1311,232,16.9
E40000005,South East,nhsRegion,2021-12-31,1269,190,16.0
E40000005,South East,nhsRegion,2021-12-30,1238,231,15.0
E40000005,South East,nhsRegion,2021-12-29,1176,250,13.8
E40000005,South East,nhsRegion,2021-12-28,1042,227,12.6
E40000005,South East,nhsRegion,2021-12-27,926,216,11.5
E40000005,South East,nhsRegion,2021-12-26,803,164,10.3
E40000005,South East,nhsRegion,2021-12-25,794,150,9.9
E40000005,South East,nhsRegion,2021-12-24,819,105,9.2
E40000005,South East,nhsRegion,2021-12-23,822,121,9.0
E40000005,South East,nhsRegion,2021-12-22,830,145,8.9
E40000005,South East,nhsRegion,2021-12-21,857,122,8.5
E40000005,South East,nhsRegion,2021-12-20,828,117,8.3
E40000005,South East,nhsRegion,2021-12-19,818,123,8.3
E40000005,South East,nhsRegion,2021-12-18,800,93,8.5
E40000005,South East,nhsRegion,2021-12-17,806,85,8.4
E40000005,South East,nhsRegion,2021-12-16,828,109,8.8
E40000005,South East,nhsRegion,2021-12-15,835,113,9.1
E40000005,South East,nhsRegion,2021-12-14,880,101,9.1
E40000005,South East,nhsRegion,2021-12-13,889,118,9.3
E40000005,South East,nhsRegion,2021-12-12,880,136,9.3
E40000005,South East,nhsRegion,2021-12-11,859,87,9.2
E40000005,South East,nhsRegion,2021-12-10,863,120,9.2
E40000005,South East,nhsRegion,2021-12-09,877,137,9.0
E40000005,South East,nhsRegion,2021-12-08,852,110,9.1
E40000005,South East,nhsRegion,2021-12-07,847,123,9.2
E40000005,South East,nhsRegion,2021-12-06,877,120,9.2
E40000005,South East,nhsRegion,2021-12-05,850,126,9.2
E40000005,South East,nhsRegion,2021-12-04,834,90,8.9
E40000005,South East,nhsRegion,2021-12-03,815,100,8.8
E40000005,South East,nhsRegion,2021-12-02,801,147,8.8
E40000005,South East,nhsRegion,2021-12-01,770,118,8.2
E40000005,South East,nhsRegion,2021-11-30,764,123,8.1
E40000005,South East,nhsRegion,2021-11-29,782,117,7.9
E40000005,South East,nhsRegion,2021-11-28,752,103,7.7
E40000005,South East,nhsRegion,2021-11-27,743,78,7.7
E40000005,South East,nhsRegion,2021-11-26,723,97,7.7
E40000005,South East,nhsRegion,2021-11-25,751,94,7.7
E40000005,South East,nhsRegion,2021-11-24,761,115,7.8
E40000005,South East,nhsRegion,2021-11-23,775,99,7.6
E40000005,South East,nhsRegion,2021-11-22,775,98,7.6
E40000005,South East,nhsRegion,2021-11-21,763,104,7.5
E40000005,South East,nhsRegion,2021-11-20,739,78,7.6
E40000005,South East,nhsRegion,2021-11-19,777,99,7.7
E40000005,South East,nhsRegion,2021-11-18,792,103,7.9
E40000005,South East,nhsRegion,2021-11-17,783,94,8.1
E40000005,South East,nhsRegion,2021-11-16,819,106,8.2
E40000005,South East,nhsRegion,2021-11-15,865,87,8.3
E40000005,South East,nhsRegion,2021-11-14,855,114,8.6
E40000005,South East,nhsRegion,2021-11-13,838,82,8.4
E40000005,South East,nhsRegion,2021-11-12,845,116,8.5
E40000005,South East,nhsRegion,2021-11-11,842,123,8.2
E40000005,South East,nhsRegion,2021-11-10,851,108,7.8
E40000005,South East,nhsRegion,2021-11-09,855,109,7.9
E40000005,South East,nhsRegion,2021-11-08,857,115,8.3
E40000005,South East,nhsRegion,2021-11-07,836,99,8.1
E40000005,South East,nhsRegion,2021-11-06,835,92,8.2
E40000005,South East,nhsRegion,2021-11-05,847,83,8.2
E40000005,South East,nhsRegion,2021-11-04,872,95,8.3
E40000005,South East,nhsRegion,2021-11-03,842,117,8.5
E40000005,South East,nhsRegion,2021-11-02,841,137,8.6
E40000005,South East,nhsRegion,2021-11-01,832,98,8.1
E40000005,South East,nhsRegion,2021-10-31,822,108,8.3
E40000005,South East,nhsRegion,2021-10-30,834,91,8.4
E40000005,South East,nhsRegion,2021-10-29,800,92,8.4
E40000005,South East,nhsRegion,2021-10-28,800,116,8.3
E40000005,South East,nhsRegion,2021-10-27,785,124,7.9
E40000005,South East,nhsRegion,2021-10-26,792,94,7.6
E40000005,South East,nhsRegion,2021-10-25,761,116,7.9
E40000005,South East,nhsRegion,2021-10-24,717,119,7.8
E40000005,South East,nhsRegion,2021-10-23,678,87,7.6
E40000005,South East,nhsRegion,2021-10-22,669,82,7.5
E40000005,South East,nhsRegion,2021-10-21,675,83,7.6
E40000005,South East,nhsRegion,2021-10-20,652,100,7.5
E40000005,South East,nhsRegion,2021-10-19,611,123,7.3
E40000005,South East,nhsRegion,2021-10-18,578,102,6.9
E40000005,South East,nhsRegion,2021-10-17,542,98,6.7
E40000005,South East,nhsRegion,2021-10-16,487,81,6.4
E40000005,South East,nhsRegion,2021-10-15,497,89,6.0
E40000005,South East,nhsRegion,2021-10-14,477,75,5.5
E40000005,South East,nhsRegion,2021-10-13,468,81,5.3
E40000005,South East,nhsRegion,2021-10-12,462,94,5.3
E40000005,South East,nhsRegion,2021-10-11,414,77,4.8
E40000005,South East,nhsRegion,2021-10-10,430,74,4.7
E40000005,South East,nhsRegion,2021-10-09,421,50,4.5
E40000005,South East,nhsRegion,2021-10-08,430,44,4.4
E40000005,South East,nhsRegion,2021-10-07,427,56,4.4
E40000005,South East,nhsRegion,2021-10-06,431,77,4.3
E40000005,South East,nhsRegion,2021-10-05,440,52,4.0
E40000005,South East,nhsRegion,2021-10-04,444,63,4.2
E40000005,South East,nhsRegion,2021-10-03,426,57,4.2
E40000005,South East,nhsRegion,2021-10-02,402,47,4.2
E40000005,South East,nhsRegion,2021-10-01,415,44,4.1
E40000005,South East,nhsRegion,2021-09-30,437,43,4.0
E40000005,South East,nhsRegion,2021-09-29,435,55,4.1
E40000005,South East,nhsRegion,2021-09-28,447,70,4.2
E40000005,South East,nhsRegion,2021-09-27,405,55,4.2
E40000005,South East,nhsRegion,2021-09-26,404,64,4.1
E40000005,South East,nhsRegion,2021-09-25,430,33,3.8
E40000005,South East,nhsRegion,2021-09-24,432,33,4.0
E40000005,South East,nhsRegion,2021-09-23,437,57,4.1
E40000005,South East,nhsRegion,2021-09-22,432,65,4.2
E40000005,South East,nhsRegion,2021-09-21,456,64,4.4
E40000005,South East,nhsRegion,2021-09-20,434,49,4.5
E40000005,South East,nhsRegion,2021-09-19,479,40,4.8
E40000005,South East,nhsRegion,2021-09-18,478,52,5.1
E40000005,South East,nhsRegion,2021-09-17,523,40,5.3
E40000005,South East,nhsRegion,2021-09-16,563,63,5.6
E40000005,South East,nhsRegion,2021-09-15,571,83,5.8
E40000005,South East,nhsRegion,2021-09-14,602,74,5.9
E40000005,South East,nhsRegion,2021-09-13,608,77,6.3
E40000005,South East,nhsRegion,2021-09-12,601,70,6.4
E40000005,South East,nhsRegion,2021-09-11,587,66,6.5
E40000005,South East,nhsRegion,2021-09-10,598,65,6.6
E40000005,South East,nhsRegion,2021-09-09,655,82,6.4
E40000005,South East,nhsRegion,2021-09-08,647,91,6.7
E40000005,South East,nhsRegion,2021-09-07,697,108,7.0
E40000005,South East,nhsRegion,2021-09-06,704,90,6.9
E40000005,South East,nhsRegion,2021-09-05,675,76,6.9
E40000005,South East,nhsRegion,2021-09-04,673,74,7.0
E40000005,South East,nhsRegion,2021-09-03,691,53,7.0
E40000005,South East,nhsRegion,2021-09-02,657,105,7.3
E40000005,South East,nhsRegion,2021-09-01,652,119,7.1
E40000005,South East,nhsRegion,2021-08-31,625,98,6.7
E40000005,South East,nhsRegion,2021-08-30,612,91,6.6
E40000005,South East,nhsRegion,2021-08-29,567,84,6.6
E40000005,South East,nhsRegion,2021-08-28,545,74,6.6
E40000005,South East,nhsRegion,2021-08-27,596,81,6.8
E40000005,South East,nhsRegion,2021-08-26,592,87,6.7
E40000005,South East,nhsRegion,2021-08-25,603,86,6.8
E40000005,South East,nhsRegion,2021-08-24,547,86,6.9
E40000005,South East,nhsRegion,2021-08-23,590,93,7.2
E40000005,South East,nhsRegion,2021-08-22,562,83,7.1
E40000005,South East,nhsRegion,2021-08-21,529,95,7.2
E40000005,South East,nhsRegion,2021-08-20,537,71,6.9
E40000005,South East,nhsRegion,2021-08-19,548,93,6.7
E40000005,South East,nhsRegion,2021-08-18,516,92,6.6
E40000005,South East,nhsRegion,2021-08-17,507,115,6.4
E40000005,South East,nhsRegion,2021-08-16,496,86,5.9
E40000005,South East,nhsRegion,2021-08-15,476,88,5.7
E40000005,South East,nhsRegion,2021-08-14,449,68,5.5
E40000005,South East,nhsRegion,2021-08-13,436,59,5.2
E40000005,South East,nhsRegion,2021-08-12,449,79,5.2
E40000005,South East,nhsRegion,2021-08-11,439,73,4.9
E40000005,South East,nhsRegion,2021-08-10,474,74,5.0
E40000005,South East,nhsRegion,2021-08-09,445,71,5.1
E40000005,South East,nhsRegion,2021-08-08,435,68,5.2
E40000005,South East,nhsRegion,2021-08-07,427,44,5.1
E40000005,South East,nhsRegion,2021-08-06,431,58,5.2
E40000005,South East,nhsRegion,2021-08-05,426,54,5.4
E40000005,South East,nhsRegion,2021-08-04,453,74,5.7
E40000005,South East,nhsRegion,2021-08-03,452,87,5.8
E40000005,South East,nhsRegion,2021-08-02,461,81,5.9
E40000005,South East,nhsRegion,2021-08-01,466,59,6.0
E40000005,South East,nhsRegion,2021-07-31,450,50,6.2
E40000005,South East,nhsRegion,2021-07-30,476,74,6.4
E40000005,South East,nhsRegion,2021-07-29,455,87,6.2
E40000005,South East,nhsRegion,2021-07-28,468,81,6.2
E40000005,South East,nhsRegion,2021-07-27,456,99,6.2
E40000005,South East,nhsRegion,2021-07-26,446,83,6.0
E40000005,South East,nhsRegion,2021-07-25,429,79,5.9
E40000005,South East,nhsRegion,2021-07-24,402,67,5.7
E40000005,South East,nhsRegion,2021-07-23,337,61,5.7
E40000005,South East,nhsRegion,2021-07-22,359,86,5.6
E40000005,South East,nhsRegion,2021-07-21,326,76,5.4
E40000005,South East,nhsRegion,2021-07-20,315,80,5.1
E40000005,South East,nhsRegion,2021-07-19,316,74,4.7
E40000005,South East,nhsRegion,2021-07-18,286,64,4.6
E40000005,South East,nhsRegion,2021-07-17,272,72,4.4
E40000005,South East,nhsRegion,2021-07-16,261,48,3.9
E40000005,South East,nhsRegion,2021-07-15,238,64,3.7
E40000005,South East,nhsRegion,2021-07-14,227,57,3.4
E40000005,South East,nhsRegion,2021-07-13,206,43,3.3
E40000005,South East,nhsRegion,2021-07-12,180,61,3.4
E40000005,South East,nhsRegion,2021-07-11,158,44,3.1
E40000005,South East,nhsRegion,2021-07-10,156,35,3.0
E40000005,South East,nhsRegion,2021-07-09,164,30,2.9
E40000005,South East,nhsRegion,2021-07-08,170,35,2.8
E40000005,South East,nhsRegion,2021-07-07,143,47,2.7
E40000005,South East,nhsRegion,2021-07-06,139,49,2.5
E40000005,South East,nhsRegion,2021-07-05,113,34,2.3
E40000005,South East,nhsRegion,2021-07-04,114,35,2.1
E40000005,South East,nhsRegion,2021-07-03,103,28,1.9
E40000005,South East,nhsRegion,2021-07-02,97,22,1.7
E40000005,South East,nhsRegion,2021-07-01,88,23,1.6
E40000005,South East,nhsRegion,2021-06-30,85,35,1.5
E40000005,South East,nhsRegion,2021-06-29,68,27,1.2
E40000005,South East,nhsRegion,2021-06-28,67,22,1.1
E40000005,South East,nhsRegion,2021-06-27,69,16,1.0
E40000005,South East,nhsRegion,2021-06-26,65,8,1.0
E40000005,South East,nhsRegion,2021-06-25,66,11,1.0
E40000005,South East,nhsRegion,2021-06-24,60,14,0.9
E40000005,South East,nhsRegion,2021-06-23,56,13,0.9
E40000005,South East,nhsRegion,2021-06-22,64,18,0.8
E40000005,South East,nhsRegion,2021-06-21,60,6,0.7
E40000005,South East,nhsRegion,2021-06-20,57,18,0.8
E40000005,South East,nhsRegion,2021-06-19,54,9,0.7
E40000005,South East,nhsRegion,2021-06-18,59,5,0.7
E40000005,South East,nhsRegion,2021-06-17,60,9,0.7
E40000005,South East,nhsRegion,2021-06-16,58,6,0.7
E40000005,South East,nhsRegion,2021-06-15,56,12,0.7
E40000005,South East,nhsRegion,2021-06-14,44,13,0.7
E40000005,South East,nhsRegion,2021-06-13,49,12,0.7
E40000005,South East,nhsRegion,2021-06-12,48,5,0.6
E40000005,South East,nhsRegion,2021-06-11,46,7,0.7
E40000005,South East,nhsRegion,2021-06-10,61,8,0.6
E40000005,South East,nhsRegion,2021-06-09,54,8,0.6
E40000005,South East,nhsRegion,2021-06-08,74,13,0.5
E40000005,South East,nhsRegion,2021-06-07,69,6,0.5
E40000005,South East,nhsRegion,2021-06-06,63,9,0.5
E40000005,South East,nhsRegion,2021-06-05,63,8,0.4
E40000005,South East,nhsRegion,2021-06-04,65,6,0.4
E40000005,South East,nhsRegion,2021-06-03,63,3,0.4
E40000005,South East,nhsRegion,2021-06-02,58,4,0.4
E40000005,South East,nhsRegion,2021-06-01,60,10,0.5
E40000005,South East,nhsRegion,2021-05-31,58,4,0.5
E40000005,South East,nhsRegion,2021-05-30,54,4,0.6
E40000005,South East,nhsRegion,2021-05-29,56,4,0.5
E40000005,South East,nhsRegion,2021-05-28,52,3,0.5
E40000005,South East,nhsRegion,2021-05-27,54,8,0.6
E40000005,South East,nhsRegion,2021-05-26,55,11,0.6
E40000005,South East,nhsRegion,2021-05-25,55,9,0.5
E40000005,South East,nhsRegion,2021-05-24,56,11,0.5
E40000005,South East,nhsRegion,2021-05-23,50,3,0.4
E40000005,South East,nhsRegion,2021-05-22,50,3,0.4
E40000005,South East,nhsRegion,2021-05-21,50,6,0.5
E40000005,South East,nhsRegion,2021-05-20,46,8,0.4
E40000005,South East,nhsRegion,2021-05-19,55,5,0.3
E40000005,South East,nhsRegion,2021-05-18,57,6,0.3
E40000005,South East,nhsRegion,2021-05-17,62,2,0.3
E40000005,South East,nhsRegion,2021-05-16,56,7,0.4
E40000005,South East,nhsRegion,2021-05-15,55,7,0.3
E40000005,South East,nhsRegion,2021-05-14,54,2,0.3
E40000005,South East,nhsRegion,2021-05-13,58,2,0.4
E40000005,South East,nhsRegion,2021-05-12,50,4,0.5
E40000005,South East,nhsRegion,2021-05-11,63,5,0.5
E40000005,South East,nhsRegion,2021-05-10,64,5,0.5
E40000005,South East,nhsRegion,2021-05-09,62,6,0.5
E40000005,South East,nhsRegion,2021-05-08,69,7,0.6
E40000005,South East,nhsRegion,2021-05-07,76,8,0.5
E40000005,South East,nhsRegion,2021-05-06,62,8,0.5
E40000005,South East,nhsRegion,2021-05-05,86,7,0.5
E40000005,South East,nhsRegion,2021-05-04,82,3,0.5
E40000005,South East,nhsRegion,2021-05-03,84,7,0.6
E40000005,South East,nhsRegion,2021-05-02,82,10,0.6
E40000005,South East,nhsRegion,2021-05-01,96,1,0.6
E40000005,South East,nhsRegion,2021-04-30,105,9,0.7
E40000005,South East,nhsRegion,2021-04-29,115,7,0.8
E40000005,South East,nhsRegion,2021-04-28,114,10,0.8
E40000005,South East,nhsRegion,2021-04-27,120,12,0.9
E40000005,South East,nhsRegion,2021-04-26,123,8,1.0
E40000005,South East,nhsRegion,2021-04-25,125,9,1.0
E40000005,South East,nhsRegion,2021-04-24,115,7,1.1
E40000005,South East,nhsRegion,2021-04-23,116,17,1.2
E40000005,South East,nhsRegion,2021-04-22,110,11,1.1
E40000005,South East,nhsRegion,2021-04-21,109,17,1.1
E40000005,South East,nhsRegion,2021-04-20,124,18,1.0
E40000005,South East,nhsRegion,2021-04-19,120,13,1.0
E40000005,South East,nhsRegion,2021-04-18,116,19,1.2
E40000005,South East,nhsRegion,2021-04-17,121,12,1.2
E40000005,South East,nhsRegion,2021-04-16,123,8,1.1
E40000005,South East,nhsRegion,2021-04-15,133,13,1.2
E40000005,South East,nhsRegion,2021-04-14,138,10,1.2
E40000005,South East,nhsRegion,2021-04-13,144,17,1.3
E40000005,South East,nhsRegion,2021-04-12,152,25,1.4
E40000005,South East,nhsRegion,2021-04-11,151,20,1.3
E40000005,South East,nhsRegion,2021-04-10,162,8,1.3
E40000005,South East,nhsRegion,2021-04-09,172,14,1.3
E40000005,South East,nhsRegion,2021-04-08,184,15,1.3
E40000005,South East,nhsRegion,2021-04-07,210,20,1.3
E40000005,South East,nhsRegion,2021-04-06,208,20,1.2
E40000005,South East,nhsRegion,2021-04-05,221,19,1.3
E40000005,South East,nhsRegion,2021-04-04,234,16,1.3
E40000005,South East,nhsRegion,2021-04-03,241,14,1.4
E40000005,South East,nhsRegion,2021-04-02,253,8,1.5
E40000005,South East,nhsRegion,2021-04-01,276,17,1.7
E40000005,South East,nhsRegion,2021-03-31,309,17,1.7
E40000005,South East,nhsRegion,2021-03-30,321,25,1.8
E40000005,South East,nhsRegion,2021-03-29,364,18,1.8
E40000005,South East,nhsRegion,2021-03-28,364,30,2.0
E40000005,South East,nhsRegion,2021-03-27,369,18,2.1
E40000005,South East,nhsRegion,2021-03-26,404,24,2.2
E40000005,South East,nhsRegion,2021-03-25,377,21,2.4
E40000005,South East,nhsRegion,2021-03-24,461,24,2.6
E40000005,South East,nhsRegion,2021-03-23,506,26,2.8
E40000005,South East,nhsRegion,2021-03-22,517,36,3.1
E40000005,South East,nhsRegion,2021-03-21,525,36,3.3
E40000005,South East,nhsRegion,2021-03-20,549,31,3.4
E40000005,South East,nhsRegion,2021-03-19,579,42,3.5
E40000005,South East,nhsRegion,2021-03-18,618,40,3.5
E40000005,South East,nhsRegion,2021-03-17,649,43,3.7
E40000005,South East,nhsRegion,2021-03-16,676,53,4.0
E40000005,South East,nhsRegion,2021-03-15,713,50,4.1
E40000005,South East,nhsRegion,2021-03-14,742,47,4.1
E40000005,South East,nhsRegion,2021-03-13,733,38,4.3
E40000005,South East,nhsRegion,2021-03-12,798,46,4.7
E40000005,South East,nhsRegion,2021-03-11,846,55,5.0
E40000005,South East,nhsRegion,2021-03-10,883,67,5.2
E40000005,South East,nhsRegion,2021-03-09,937,59,5.3
E40000005,South East,nhsRegion,2021-03-08,983,58,5.7
E40000005,South East,nhsRegion,2021-03-07,972,65,6.1
E40000005,South East,nhsRegion,2021-03-06,1000,71,6.3
E40000005,South East,nhsRegion,2021-03-05,1063,69,6.3
E40000005,South East,nhsRegion,2021-03-04,1116,77,6.6
E40000005,South East,nhsRegion,2021-03-03,1184,76,7.0
E40000005,South East,nhsRegion,2021-03-02,1248,89,7.7
E40000005,South East,nhsRegion,2021-03-01,1354,99,8.1
E40000005,South East,nhsRegion,2021-02-28,1413,82,8.3
E40000005,South East,nhsRegion,2021-02-27,1451,75,9.2
E40000005,South East,nhsRegion,2021-02-26,1548,94,9.6
E40000005,South East,nhsRegion,2021-02-25,1624,110,10.3
E40000005,South East,nhsRegion,2021-02-24,1686,137,10.8
E40000005,South East,nhsRegion,2021-02-23,1859,130,11.3
E40000005,South East,nhsRegion,2021-02-22,1860,113,12.2
E40000005,South East,nhsRegion,2021-02-21,1875,160,12.6
E40000005,South East,nhsRegion,2021-02-20,1902,113,13.2
E40000005,South East,nhsRegion,2021-02-19,2025,155,13.8
E40000005,South East,nhsRegion,2021-02-18,2116,155,14.2
E40000005,South East,nhsRegion,2021-02-17,2349,183,14.3
E40000005,South East,nhsRegion,2021-02-16,2342,215,14.6
E40000005,South East,nhsRegion,2021-02-15,2451,144,14.5
E40000005,South East,nhsRegion,2021-02-14,2455,218,15.5
E40000005,South East,nhsRegion,2021-02-13,2261,167,15.3
E40000005,South East,nhsRegion,2021-02-12,2561,183,16.0
E40000005,South East,nhsRegion,2021-02-11,2710,171,16.6
E40000005,South East,nhsRegion,2021-02-10,2831,208,17.4
E40000005,South East,nhsRegion,2021-02-09,3018,200,18.4
E40000005,South East,nhsRegion,2021-02-08,3165,234,19.5
E40000005,South East,nhsRegion,2021-02-07,3175,206,20.7
E40000005,South East,nhsRegion,2021-02-06,3222,226,21.9
E40000005,South East,nhsRegion,2021-02-05,3475,235,23.3
E40000005,South East,nhsRegion,2021-02-04,3632,249,24.1
E40000005,South East,nhsRegion,2021-02-03,3836,298,25.6
E40000005,South East,nhsRegion,2021-02-02,4143,297,26.8
E40000005,South East,nhsRegion,2021-02-01,4344,335,27.9
E40000005,South East,nhsRegion,2021-01-31,4213,315,28.3
E40000005,South East,nhsRegion,2021-01-30,4347,349,29.1
E40000005,South East,nhsRegion,2021-01-29,4443,307,30.2
E40000005,South East,nhsRegion,2021-01-28,4614,390,31.2
E40000005,South East,nhsRegion,2021-01-27,4811,400,32.5
E40000005,South East,nhsRegion,2021-01-26,5040,394,34.3
E40000005,South East,nhsRegion,2021-01-25,5237,372,35.9
E40000005,South East,nhsRegion,2021-01-24,5207,385,37.6
E40000005,South East,nhsRegion,2021-01-23,5200,453,39.1
E40000005,South East,nhsRegion,2021-01-22,5337,397,39.5
E40000005,South East,nhsRegion,2021-01-21,5033,501,40.4
E40000005,South East,nhsRegion,2021-01-20,5397,558,41.3
E40000005,South East,nhsRegion,2021-01-19,5509,538,42.0
E40000005,South East,nhsRegion,2021-01-18,5493,526,43.0
E40000005,South East,nhsRegion,2021-01-17,5387,520,43.9
E40000005,South East,nhsRegion,2021-01-16,5419,490,44.6
E40000005,South East,nhsRegion,2021-01-15,5528,472,46.5
E40000005,South East,nhsRegion,2021-01-14,5487,582,48.4
E40000005,South East,nhsRegion,2021-01-13,5577,622,49.3
E40000005,South East,nhsRegion,2021-01-12,5546,630,50.3
E40000005,South East,nhsRegion,2021-01-11,5467,607,50.4
E40000005,South East,nhsRegion,2021-01-10,5373,583,50.9
E40000005,South East,nhsRegion,2021-01-09,5161,656,51.9
E40000005,South East,nhsRegion,2021-01-08,5074,641,51.1
E40000005,South East,nhsRegion,2021-01-07,5023,661,51.1
E40000005,South East,nhsRegion,2021-01-06,4902,716,48.2
E40000005,South East,nhsRegion,2021-01-05,4379,637,46.4
E40000005,South East,nhsRegion,2021-01-04,4730,657,44.9
E40000005,South East,nhsRegion,2021-01-03,4501,665,42.3
E40000005,South East,nhsRegion,2021-01-02,4231,591,40.6
E40000005,South East,nhsRegion,2021-01-01,4034,638,38.7
E40000005,South East,nhsRegion,2020-12-31,4022,404,35.2
E40000005,South East,nhsRegion,2020-12-30,3949,552,34.4
E40000005,South East,nhsRegion,2020-12-29,3796,504,31.8
E40000005,South East,nhsRegion,2020-12-28,3544,423,30.3
E40000005,South East,nhsRegion,2020-12-27,3370,515,29.5
E40000005,South East,nhsRegion,2020-12-26,3126,421,27.6
E40000005,South East,nhsRegion,2020-12-25,2925,329,27.1
E40000005,South East,nhsRegion,2020-12-24,2997,327,26.8
E40000005,South East,nhsRegion,2020-12-23,2868,321,26.6
E40000005,South East,nhsRegion,2020-12-22,2848,368,26.8
E40000005,South East,nhsRegion,2020-12-21,2749,354,25.7
E40000005,South East,nhsRegion,2020-12-20,2554,347,24.5
E40000005,South East,nhsRegion,2020-12-19,2321,379,23.5
E40000005,South East,nhsRegion,2020-12-18,2372,300,22.2
E40000005,South East,nhsRegion,2020-12-17,2282,309,21.5
E40000005,South East,nhsRegion,2020-12-16,2195,337,20.9
E40000005,South East,nhsRegion,2020-12-15,2141,271,19.8
E40000005,South East,nhsRegion,2020-12-14,2118,249,19.0
E40000005,South East,nhsRegion,2020-12-13,1975,258,18.5
E40000005,South East,nhsRegion,2020-12-12,1945,262,17.8
E40000005,South East,nhsRegion,2020-12-11,1859,235,17.0
E40000005,South East,nhsRegion,2020-12-10,1796,259,16.3
E40000005,South East,nhsRegion,2020-12-09,1726,232,15.7
E40000005,South East,nhsRegion,2020-12-08,1692,203,15.1
E40000005,South East,nhsRegion,2020-12-07,1619,204,14.3
E40000005,South East,nhsRegion,2020-12-06,1549,195,13.8
E40000005,South East,nhsRegion,2020-12-05,1496,187,13.4
E40000005,South East,nhsRegion,2020-12-04,1426,175,13.0
E40000005,South East,nhsRegion,2020-12-03,1442,208,12.4
E40000005,South East,nhsRegion,2020-12-02,1481,179,11.6
E40000005,South East,nhsRegion,2020-12-01,1423,134,11.5
E40000005,South East,nhsRegion,2020-11-30,1494,152,11.6
E40000005,South East,nhsRegion,2020-11-29,1430,164,11.7
E40000005,South East,nhsRegion,2020-11-28,1420,147,11.5
E40000005,South East,nhsRegion,2020-11-27,1429,124,11.8
E40000005,South East,nhsRegion,2020-11-26,1397,136,12.0
E40000005,South East,nhsRegion,2020-11-25,1437,166,12.7
E40000005,South East,nhsRegion,2020-11-24,1403,148,12.7
E40000005,South East,nhsRegion,2020-11-23,1395,158,12.6
E40000005,South East,nhsRegion,2020-11-22,1313,144,12.4
E40000005,South East,nhsRegion,2020-11-21,1300,174,12.2
E40000005,South East,nhsRegion,2020-11-20,1272,145,11.8
E40000005,South East,nhsRegion,2020-11-19,1246,201,11.2
E40000005,South East,nhsRegion,2020-11-18,1227,164,11.0
E40000005,South East,nhsRegion,2020-11-17,1205,141,10.8
E40000005,South East,nhsRegion,2020-11-16,1182,139,10.5
E40000005,South East,nhsRegion,2020-11-15,1173,130,10.5
E40000005,South East,nhsRegion,2020-11-14,1122,132,10.6
E40000005,South East,nhsRegion,2020-11-13,1066,97,10.8
E40000005,South East,nhsRegion,2020-11-12,967,181,10.9
E40000005,South East,nhsRegion,2020-11-11,1011,149,10.4
E40000005,South East,nhsRegion,2020-11-10,958,110,10.0
E40000005,South East,nhsRegion,2020-11-09,947,137,9.6
E40000005,South East,nhsRegion,2020-11-08,820,137,9.4
E40000005,South East,nhsRegion,2020-11-07,821,150,8.8
E40000005,South East,nhsRegion,2020-11-06,783,107,8.3
E40000005,South East,nhsRegion,2020-11-05,770,140,8.0
E40000005,South East,nhsRegion,2020-11-04,751,109,7.6
E40000005,South East,nhsRegion,2020-11-03,711,81,7.3
E40000005,South East,nhsRegion,2020-11-02,713,115,7.3
E40000005,South East,nhsRegion,2020-11-01,665,88,7.0
E40000005,South East,nhsRegion,2020-10-31,617,98,6.7
E40000005,South East,nhsRegion,2020-10-30,589,84,6.4
E40000005,South East,nhsRegion,2020-10-29,566,103,6.2
E40000005,South East,nhsRegion,2020-10-28,541,81,5.9
E40000005,South East,nhsRegion,2020-10-27,528,84,5.8
E40000005,South East,nhsRegion,2020-10-26,483,86,5.2
E40000005,South East,nhsRegion,2020-10-25,477,67,4.8
E40000005,South East,nhsRegion,2020-10-24,456,65,4.5
E40000005,South East,nhsRegion,2020-10-23,405,70,4.2
E40000005,South East,nhsRegion,2020-10-22,339,77,3.8
E40000005,South East,nhsRegion,2020-10-21,358,65,3.5
E40000005,South East,nhsRegion,2020-10-20,325,37,3.2
E40000005,South East,nhsRegion,2020-10-19,326,51,3.3
E40000005,South East,nhsRegion,2020-10-18,228,40,3.2
E40000005,South East,nhsRegion,2020-10-17,279,34,3.0
E40000005,South East,nhsRegion,2020-10-16,263,33,3.0
E40000005,South East,nhsRegion,2020-10-15,233,52,3.0
E40000005,South East,nhsRegion,2020-10-14,225,38,2.8
E40000005,South East,nhsRegion,2020-10-13,204,48,2.8
E40000005,South East,nhsRegion,2020-10-12,189,37,2.6
E40000005,South East,nhsRegion,2020-10-11,175,27,2.4
E40000005,South East,nhsRegion,2020-10-10,163,30,2.3
E40000005,South East,nhsRegion,2020-10-09,162,34,2.2
E40000005,South East,nhsRegion,2020-10-08,144,36,1.9
E40000005,South East,nhsRegion,2020-10-07,134,41,1.7
E40000005,South East,nhsRegion,2020-10-06,121,25,1.5
E40000005,South East,nhsRegion,2020-10-05,119,21,1.4
E40000005,South East,nhsRegion,2020-10-04,108,18,1.3
E40000005,South East,nhsRegion,2020-10-03,100,19,1.1
E40000005,South East,nhsRegion,2020-10-02,109,12,1.1
E40000005,South East,nhsRegion,2020-10-01,98,16,1.2
E40000005,South East,nhsRegion,2020-09-30,103,22,1.1
E40000005,South East,nhsRegion,2020-09-29,103,14,1.2
E40000005,South East,nhsRegion,2020-09-28,117,13,1.2
E40000005,South East,nhsRegion,2020-09-27,114,6,1.2
E40000005,South East,nhsRegion,2020-09-26,102,14,1.2
E40000005,South East,nhsRegion,2020-09-25,110,18,1.2
E40000005,South East,nhsRegion,2020-09-24,104,15,1.1
E40000005,South East,nhsRegion,2020-09-23,94,24,1.1
E40000005,South East,nhsRegion,2020-09-22,87,15,0.9
E40000005,South East,nhsRegion,2020-09-21,91,14,0.9
E40000005,South East,nhsRegion,2020-09-20,79,9,0.8
E40000005,South East,nhsRegion,2020-09-19,74,16,0.8
E40000005,South East,nhsRegion,2020-09-18,82,9,0.8
E40000005,South East,nhsRegion,2020-09-17,72,8,0.8
E40000005,South East,nhsRegion,2020-09-16,64,13,0.8
E40000005,South East,nhsRegion,2020-09-15,78,7,0.9
E40000005,South East,nhsRegion,2020-09-14,71,9,0.9
E40000005,South East,nhsRegion,2020-09-13,61,12,0.8
E40000005,South East,nhsRegion,2020-09-12,63,12,0.8
E40000005,South East,nhsRegion,2020-09-11,59,11,0.7
E40000005,South East,nhsRegion,2020-09-10,53,10,0.7
E40000005,South East,nhsRegion,2020-09-09,48,17,0.7
E40000005,South East,nhsRegion,2020-09-08,47,9,0.6
E40000005,South East,nhsRegion,2020-09-07,53,4,0.6
E40000005,South East,nhsRegion,2020-09-06,44,8,0.6
E40000005,South East,nhsRegion,2020-09-05,40,6,0.6
E40000005,South East,nhsRegion,2020-09-04,43,9,0.5
E40000005,South East,nhsRegion,2020-09-03,39,8,0.5
E40000005,South East,nhsRegion,2020-09-02,38,12,0.6
E40000005,South East,nhsRegion,2020-09-01,39,7,0.5
E40000005,South East,nhsRegion,2020-08-31,42,6,0.5
E40000005,South East,nhsRegion,2020-08-30,39,2,0.6
E40000005,South East,nhsRegion,2020-08-29,37,5,0.6
E40000005,South East,nhsRegion,2020-08-28,39,7,0.6
E40000005,South East,nhsRegion,2020-08-27,47,12,0.6
E40000005,South East,nhsRegion,2020-08-26,48,7,0.5
E40000005,South East,nhsRegion,2020-08-25,50,9,0.5
E40000005,South East,nhsRegion,2020-08-24,54,8,0.4
E40000005,South East,nhsRegion,2020-08-23,53,8,0.4
E40000005,South East,nhsRegion,2020-08-22,51,5,0.4
E40000005,South East,nhsRegion,2020-08-21,64,2,0.4
E40000005,South East,nhsRegion,2020-08-20,64,4,0.4
E40000005,South East,nhsRegion,2020-08-19,65,7,0.5
E40000005,South East,nhsRegion,2020-08-18,70,6,0.6
E40000005,South East,nhsRegion,2020-08-17,69,5,0.5
E40000005,South East,nhsRegion,2020-08-16,71,5,0.5
E40000005,South East,nhsRegion,2020-08-15,72,3,0.5
E40000005,South East,nhsRegion,2020-08-14,72,9,0.6
E40000005,South East,nhsRegion,2020-08-13,63,10,0.5
E40000005,South East,nhsRegion,2020-08-12,59,13,0.4
E40000005,South East,nhsRegion,2020-08-11,68,3,0.4
E40000005,South East,nhsRegion,2020-08-10,82,4,0.5
E40000005,South East,nhsRegion,2020-08-09,72,4,0.5
E40000005,South East,nhsRegion,2020-08-08,80,7,0.5
E40000005,South East,nhsRegion,2020-08-07,77,6,0.6
E40000005,South East,nhsRegion,2020-08-06,78,2,0.6
E40000005,South East,nhsRegion,2020-08-05,106,12,0.7
E40000005,South East,nhsRegion,2020-08-04,111,9,0.7
E40000005,South East,nhsRegion,2020-08-03,122,4,0.7
E40000005,South East,nhsRegion,2020-08-02,122,5,0.8
E40000005,South East,nhsRegion,2020-08-01,123,14,0.8
E40000005,South East,nhsRegion,2020-07-31,132,10,0.8
E40000005,South East,nhsRegion,2020-07-30,136,8,0.8
E40000005,South East,nhsRegion,2020-07-29,141,9,0.9
E40000005,South East,nhsRegion,2020-07-28,135,12,0.9
E40000005,South East,nhsRegion,2020-07-27,118,13,0.8
E40000005,South East,nhsRegion,2020-07-26,141,9,0.8
E40000005,South East,nhsRegion,2020-07-25,143,7,0.8
E40000005,South East,nhsRegion,2020-07-24,157,14,0.9
E40000005,South East,nhsRegion,2020-07-23,167,12,0.8
E40000005,South East,nhsRegion,2020-07-22,179,11,0.9
E40000005,South East,nhsRegion,2020-07-21,193,7,0.9
E40000005,South East,nhsRegion,2020-07-20,200,8,1.0
E40000005,South East,nhsRegion,2020-07-19,198,13,1.2
E40000005,South East,nhsRegion,2020-07-18,194,11,1.1
E40000005,South East,nhsRegion,2020-07-17,203,12,1.2
E40000005,South East,nhsRegion,2020-07-16,201,15,1.2
E40000005,South East,nhsRegion,2020-07-15,215,15,1.3
E40000005,South East,nhsRegion,2020-07-14,215,15,1.4
E40000005,South East,nhsRegion,2020-07-13,222,25,1.5
E40000005,South East,nhsRegion,2020-07-12,222,8,1.4
E40000005,South East,nhsRegion,2020-07-11,227,14,1.5
E40000005,South East,nhsRegion,2020-07-10,235,16,1.5
E40000005,South East,nhsRegion,2020-07-09,244,25,1.6
E40000005,South East,nhsRegion,2020-07-08,242,19,1.5
E40000005,South East,nhsRegion,2020-07-07,252,23,1.6
E40000005,South East,nhsRegion,2020-07-06,251,19,1.7
E40000005,South East,nhsRegion,2020-07-05,253,15,1.7
E40000005,South East,nhsRegion,2020-07-04,256,21,1.8
E40000005,South East,nhsRegion,2020-07-03,279,19,2.0
E40000005,South East,nhsRegion,2020-07-02,279,20,2.0
E40000005,South East,nhsRegion,2020-07-01,273,27,2.1
E40000005,South East,nhsRegion,2020-06-30,282,31,2.1
E40000005,South East,nhsRegion,2020-06-29,309,23,2.0
E40000005,South East,nhsRegion,2020-06-28,297,24,2.1
E40000005,South East,nhsRegion,2020-06-27,303,31,2.1
E40000005,South East,nhsRegion,2020-06-26,286,22,2.1
E40000005,South East,nhsRegion,2020-06-25,342,27,2.2
E40000005,South East,nhsRegion,2020-06-24,338,27,2.1
E40000005,South East,nhsRegion,2020-06-23,370,21,2.1
E40000005,South East,nhsRegion,2020-06-22,381,32,2.3
E40000005,South East,nhsRegion,2020-06-21,395,27,2.5
E40000005,South East,nhsRegion,2020-06-20,373,35,2.7
E40000005,South East,nhsRegion,2020-06-19,430,25,2.6
E40000005,South East,nhsRegion,2020-06-18,431,22,2.6
E40000005,South East,nhsRegion,2020-06-17,467,28,2.7
E40000005,South East,nhsRegion,2020-06-16,474,37,2.6
E40000005,South East,nhsRegion,2020-06-15,476,45,2.6
E40000005,South East,nhsRegion,2020-06-14,489,46,2.6
E40000005,South East,nhsRegion,2020-06-13,480,28,2.5
E40000005,South East,nhsRegion,2020-06-12,511,28,2.8
E40000005,South East,nhsRegion,2020-06-11,539,27,2.9
E40000005,South East,nhsRegion,2020-06-10,556,23,3.2
E40000005,South East,nhsRegion,2020-06-09,574,39,3.6
E40000005,South East,nhsRegion,2020-06-08,605,38,4.1
E40000005,South East,nhsRegion,2020-06-07,604,43,4.3
E40000005,South East,nhsRegion,2020-06-06,634,49,4.4
E40000005,South East,nhsRegion,2020-06-05,648,42,4.6
E40000005,South East,nhsRegion,2020-06-04,671,56,4.9
E40000005,South East,nhsRegion,2020-06-03,689,57,5.1
E40000005,South East,nhsRegion,2020-06-02,701,83,5.3
E40000005,South East,nhsRegion,2020-06-01,720,56,5.2
E40000005,South East,nhsRegion,2020-05-31,700,46,5.5
E40000005,South East,nhsRegion,2020-05-30,694,74,5.9
E40000005,South East,nhsRegion,2020-05-29,753,65,5.7
E40000005,South East,nhsRegion,2020-05-28,765,79,5.8
E40000005,South East,nhsRegion,2020-05-27,821,72,5.9
E40000005,South East,nhsRegion,2020-05-26,851,74,6.3
E40000005,South East,nhsRegion,2020-05-25,826,82,6.6
E40000005,South East,nhsRegion,2020-05-24,880,78,6.8
E40000005,South East,nhsRegion,2020-05-23,851,59,7.0
E40000005,South East,nhsRegion,2020-05-22,924,78,7.1
E40000005,South East,nhsRegion,2020-05-21,907,88,7.2
E40000005,South East,nhsRegion,2020-05-20,903,107,7.5
E40000005,South East,nhsRegion,2020-05-19,940,96,7.4
E40000005,South East,nhsRegion,2020-05-18,959,104,7.6
E40000005,South East,nhsRegion,2020-05-17,966,94,7.7
E40000005,South East,nhsRegion,2020-05-16,982,71,8.2
E40000005,South East,nhsRegion,2020-05-15,1073,85,8.4
E40000005,South East,nhsRegion,2020-05-14,1092,113,8.5
E40000005,South East,nhsRegion,2020-05-13,1126,99,8.4
E40000005,South East,nhsRegion,2020-05-12,1168,109,8.8
E40000005,South East,nhsRegion,2020-05-11,1196,113,8.8
E40000005,South East,nhsRegion,2020-05-10,1181,139,8.9
E40000005,South East,nhsRegion,2020-05-09,1206,96,8.8
E40000005,South East,nhsRegion,2020-05-08,1279,91,9.4
E40000005,South East,nhsRegion,2020-05-07,1351,107,10.1
E40000005,South East,nhsRegion,2020-05-06,1421,127,10.7
E40000005,South East,nhsRegion,2020-05-05,1499,111,11.5
E40000005,South East,nhsRegion,2020-05-04,1553,121,11.9
E40000005,South East,nhsRegion,2020-05-03,1523,137,12.8
E40000005,South East,nhsRegion,2020-05-02,1544,142,13.3
E40000005,South East,nhsRegion,2020-05-01,1648,154,13.6
E40000005,South East,nhsRegion,2020-04-30,1655,164,14.5
E40000005,South East,nhsRegion,2020-04-29,1657,196,14.7
E40000005,South East,nhsRegion,2020-04-28,1791,153,14.8
E40000005,South East,nhsRegion,2020-04-27,1831,199,15.3
E40000005,South East,nhsRegion,2020-04-26,1775,182,15.6
E40000005,South East,nhsRegion,2020-04-25,1849,168,15.8
E40000005,South East,nhsRegion,2020-04-24,1909,235,15.9
E40000005,South East,nhsRegion,2020-04-23,2034,181,16.2
E40000005,South East,nhsRegion,2020-04-22,2164,202,17.8
E40000005,South East,nhsRegion,2020-04-21,2185,198,18.1
E40000005,South East,nhsRegion,2020-04-20,2261,227,18.0
E40000005,South East,nhsRegion,2020-04-19,2278,199,18.0
E40000005,South East,nhsRegion,2020-04-18,2250,180,18.3
E40000005,South East,nhsRegion,2020-04-17,2205,260,18.9
E40000005,South East,nhsRegion,2020-04-16,2245,326,19.0
E40000005,South East,nhsRegion,2020-04-15,2262,228,18.6
E40000005,South East,nhsRegion,2020-04-14,2347,185,18.8
E40000005,South East,nhsRegion,2020-04-13,2346,227,20.7
E40000005,South East,nhsRegion,2020-04-12,2342,228,21.8
E40000005,South East,nhsRegion,2020-04-11,2285,235,22.3
E40000005,South East,nhsRegion,2020-04-10,2297,269,23.6
E40000005,South East,nhsRegion,2020-04-09,2174,286,24.3
E40000005,South East,nhsRegion,2020-04-08,2290,249,24.7
E40000005,South East,nhsRegion,2020-04-07,2280,353,25.3
E40000005,South East,nhsRegion,2020-04-06,2055,326,24.7
E40000005,South East,nhsRegion,2020-04-05,2037,277,24.6
E40000005,South East,nhsRegion,2020-04-04,1848,348,24.5
E40000005,South East,nhsRegion,2020-04-03,1683,332,23.4
E40000005,South East,nhsRegion,2020-04-02,1715,322,22.3
E40000005,South East,nhsRegion,2020-04-01,1461,304,20.2
E40000005,South East,nhsRegion,2020-03-31,1535,295,18.4
E40000005,South East,nhsRegion,2020-03-30,1284,317,16.5
E40000005,South East,nhsRegion,2020-03-29,1076,273,14.2
E40000005,South East,nhsRegion,2020-03-28,861,250,12.2
E40000005,South East,nhsRegion,2020-03-27,800,230,10.4
E40000005,South East,nhsRegion,2020-03-26,654,138,8.9
E40000005,South East,nhsRegion,2020-03-25,610,141,8.5
E40000005,South East,nhsRegion,2020-03-24,506,123,
E40000005,South East,nhsRegion,2020-03-23,480,114,
E40000005,South East,nhsRegion,2020-03-22,439,94,
E40000005,South East,nhsRegion,2020-03-21,332,91,
E40000005,South East,nhsRegion,2020-03-20,188,90,
E40000005,South East,nhsRegion,2020-03-19,,103,
